血清氯,serum chloride
血清氯,Cl
血液葡萄糖,Fasting plasma glucose
血液葡萄糖,FPG
血清总脂,Total lipids
血清总脂,TL
低密度脂蛋白胆固醇测定,low density lipoprotein cholesterol
低密度脂蛋白胆固醇测定,LDL-C
白蛋白/球蛋白比率,albumin/globulin
白蛋白/球蛋白比率,A/G
前白蛋白,prealbumin
前白蛋白,PAB
果糖胺,Fructosamine
蛋白电泳,serum protein electrophoresis
蛋白电泳,SPE
肌酐,creatinine
肌酐,Cr
尿酸,uric acid
尿酸,UA
β-羟丁酸, β-hydroxybutyric acid
谷丙转氨酶,alanine aminotransferase
谷丙转氨酶,ALT
谷草转氨酶,aspartate aminotransferase 
谷草转氨酶,AST
乳酸脱氢酶,lactate dehydrogenase
乳酸脱氢酶,LD
乳酸脱氢酶,LDH
α-1抗胰蛋白酶,α1-antitrypsin
α-1抗胰蛋白酶,α1AT或AAT
葡萄糖-6-磷酸脱氢酶,Glucose-6-Phosphate Dehydrogenase
葡萄糖-6-磷酸脱氢酶,G-6-P-D
直接胆红素,conjugated bilirubin
直接胆红素,CB
间接胆红素,unconjugated bilirubin
间接胆红素,UCB
二氧化碳分压(血气分析),Partial pressure of CO2
二氧化碳分压(血气分析),PCO2
促甲状腺激素受体抗体(TRAb),
抗甲状腺球蛋白抗体,anti-thyroglobulin antibodies
抗甲状腺球蛋白抗体,ATG
尿液葡萄糖,Urine glucose
尿液葡萄糖,UG
尿肌红蛋白,myoglobulin
尿肌红蛋白,Myo
尿氯,urine chloride
尿氯,U-Cl
脑脊液葡萄糖,Cerebrospinal fluid glucose
脑脊液葡萄糖,CSFG
白细胞计数,white blood cells
白细胞计数,WBC
钾,potassium
钾,K
钠,sodium
钠,Na
镁,Magnesium
镁,Mg
锂,Lithium
锂,Li
红细胞计数,red blood cells
红细胞计数,RBC
白细胞分类计数,White Blood Cell Count Differential
白细胞分类计数,WBC Diff
性激素结合球蛋白,sex hormones binding glubulin
性激素结合球蛋白,SHBG
淀粉酶,amylase
淀粉酶,AMY
维生素B12,serum vitamin B12
维生素B12,VitB12
叶酸,serum folic acid
叶酸,FA
1,25-二羟维生素D3
1,vitamin D
1,vit D
25-羟维生素D3,vitamin D
25-羟维生素D3,vit D
维生素K,vitamin K
维生素K,vit K
血红蛋白,hemoglobin
血红蛋白,Hb
红细胞平均血红蛋白量,mean corpuscular hemoglobin
红细胞平均血红蛋白量,MCH
红细胞平均血红蛋白浓度,mean corpuscular hemoglobin concentration
红细胞平均血红蛋白浓度,MCHC
生长激素,growth hormone
生长激素,GH
黄体生成素,luteinizing hormone
黄体生成素,LH
血小板计数,platelet
血小板计数,PLT
甲状旁腺激素,parathyroid hormone
甲状旁腺激素,PTH
促肾上腺皮质激素,adrenocorticotropphic hormone
促肾上腺皮质激素,ACTH
睾酮,testosteron
睾酮,T
硫酸脱氢表雄酮,dehydroepiandrosterone sulfate
硫酸脱氢表雄酮,DHEAS
雌二醇,estradiol
雌二醇,E2
孕酮,Progesterone
孕酮,P
人绒毛膜促性腺激素,human chorionic gonadotropin
人绒毛膜促性腺激素,hCG
胰岛素,insulin
胃泌素,gastrin
尿人绒毛膜促性腺激素,human chorionic gonadotropin
尿人绒毛膜促性腺激素,UhCG
脑脊液氯化物,Cerebrospinal fluid analysis
脑脊液氯化物,CSF analysis
蛋白C,protein C activity
蛋白C,PC:A
蛋白S,protein S activity
蛋白S,PS:A
血清铁,serum iron
血清铁,SI
血清总铁结合力,total iron binding capacity test
血清总铁结合力,TIBC
铁蛋白,ferritin
铁蛋白,SF
铜蓝蛋白,ceruloplasmin
铜蓝蛋白,CP
促红细胞生成素,erythropoietin
促红细胞生成素,EPO
C反应蛋白,C-reactive protein
C反应蛋白,CRP
类风湿因子,rheumatoid factor
类风湿因子,RF
抗红细胞抗体,antierythrocytic antibody
抗红细胞抗体,RBC Ab
线粒体抗体,antimitochondrial antibody
线粒体抗体,AMA
抗平滑肌抗体,anti-smooth muscle antibody
抗平滑肌抗体,ASMA
胰岛细胞自身抗体,islet cell autoantibodies
胰岛细胞自身抗体,ICA
抗磷脂抗体,anti-phospholipid antibody
抗磷脂抗体,APLA
甲型肝炎抗体,viral hepatitis A
甲型肝炎抗体,HAV; HAV Ab
风疹病毒抗体,rubella virus
风疹病毒抗体,RV;RV Ab
EB病毒抗体,Epstein-Barr Virus Antibody
EB病毒抗体,EBVA
凝血酶原时间,prothrombin time
凝血酶原时间,PT
活化部分凝血活酶时间,activated partial thromboplastin time
活化部分凝血活酶时间,APTT
纤维蛋白原,fibrinogen
纤维蛋白原,Fg
血沉,erythrocyte sedimentation rate
血沉,ESR
抗链球菌溶血素O,Antistreptolysin O Titer
抗链球菌溶血素O,ASO
血清素,5-hydroxy tryptamine
血清素,5-HT
磷,phosphorus
磷,P
高密度脂蛋白胆固醇测定,high density lipoprotein cholesterol
高密度脂蛋白胆固醇测定,HDL-C
总蛋白,total protein
总蛋白,TP
白蛋白,albumin
白蛋白,ALB
肌红蛋白,myoglobulin
肌红蛋白,Myo
肌钙蛋白,troponin
肌钙蛋白,cTn
碱性磷酸酶,alkaline phosphate
碱性磷酸酶,ALP
肌酸激酶,creatine Kinase
肌酸激酶,CK
磷脂酶A2,Lipoprotein-associated phospholipase 2
磷脂酶A2,Lp-PLA2
氧分压(血气分析),Partial pressure of oxygen
氧分压(血气分析),PO2
尿比重(尿常规分析),Specific gravity in Urine analysis
尿比重(尿常规分析),SG;UA
脂肪酶,lipase
脂肪酶,LPS
脂肪酶,LIP
抗核抗体,antinuclear antibody
抗核抗体,ANA
心磷脂抗体,anti-cardiolipin antibody
心磷脂抗体,ACLA
补体,complement
补体,C
巨细胞病毒抗体,Cytomegalovirus Antibody
巨细胞病毒抗体,CMV Ab
D二聚体,D-dimer
D二聚体,D-D
单纯疱疹病毒抗体,herpes
单纯疱疹病毒抗体,HSV;HSV Ab
血小板凝集功能试验,Platelet function test
免疫固定电泳,immunofixation electrophoresis
免疫固定电泳,IFE
血清β2微球蛋白,β2-microglobulin
血清β2微球蛋白,β2-MG
尿β2微球蛋白,β2-microglobulin
尿β2微球蛋白,β2-MG
促甲状腺激素,thyroid stimulating hormone
促甲状腺激素,TSH
游离T3,triiodothyronine
游离T3,FT3
游离T4,thyroxine
游离T4,FT4
甲状腺球蛋白,thyroglobulin
甲状腺球蛋白,TG
CA199,
CA125,
乳腺癌易感基因,Breast Cancer Gene 1 and Breast Cancer Gene 2
乳腺癌易感基因,BRCA
尿卟啉,Uroporphyrinogen
尿卟啉,UP
I型前胶原氨基端前肽,Procollagen Type 1 N-Terminal Propeptide
I型前胶原氨基端前肽,P1NP
抗酒石酸酸性磷酸酶,Tartrate-resistant acid phosphatase 
抗酒石酸酸性磷酸酶,TRAP/TRACP
骨碱性磷酸酶,Bone alkaline phosphatase 
骨碱性磷酸酶,B-ALP
pH(血气分析),
乳酸盐,Lactate
乳酸盐,LA
载脂蛋白A I,Apolipoprotein A I
载脂蛋白A I,ApoA I
载脂蛋白E基因分型,Apolipoprotein E gene
载脂蛋白E基因分型,ApoE Gene
脂蛋白a,lipoprotein small a
脂蛋白a,LP-a
γ谷氨酰基转移酶,γ-glutamyltransferase
γ谷氨酰基转移酶,GGT
肌酐清除率,creatinine clearance
肌酐清除率,Ccr
渗透压,osmolality
渗透压,O
尿蛋白肌酐比率,
微量白蛋白,Microalbuminuria
微量白蛋白,MAU
胱抑素C,cystatin C
胱抑素C,cys C
估算的肾小球滤过率,estimated glomerular filtration rate
估算的肾小球滤过率,eGFR
尿白细胞(尿常规分析),Urine WBC in Urine analysis
尿白细胞(尿常规分析),uWBC;UA
尿红细胞(尿常规分析),Urine RBC in Urine analysis
尿红细胞(尿常规分析),Urbc;UA
尿酸碱度(尿常规分析),Urine pH in Urine analysis
尿酸碱度(尿常规分析),upH;UA
缺血修饰白蛋白,Ischemia-Modified Albumin
缺血修饰白蛋白,IMA
脑钠肽,B-type natriuretic peptide
脑钠肽,BNP
N端脑钠肽前体,N-terminal pro-B-type natriuretic peptide
N端脑钠肽前体,NT-proBNP
碳酸氢盐,actual bicarbonate
碳酸氢盐,AB
重金属,heavy metal
重金属,HM
总钙,calcium
总钙,Ca
游离钙,free calcium
游离钙,FCa
锌原卟啉,Zinc protoporphyrin
血管紧张素转换酶,angiotensin converting enzyme
血管紧张素转换酶,ACE
胰蛋白酶原,trypsinogen
胰蛋白酶和糜蛋白酶,trypsin/chymotrypsin
胰岛素样生长因子-1,Insulin-like growth factor 1
胰岛素样生长因子-1,IGF-1
嗜铬粒蛋白A,Chromogranin A
嗜铬粒蛋白A,CgA
血清皮质醇,serum cortisol
血清皮质醇,SC
尿液皮质醇,urine cortisol
尿液皮质醇,UC
卵泡刺激素,follicle stimulating hormone
卵泡刺激素,FSH
尿甲氧基肾上腺素,urine metanephrine
血浆游离肾上腺素,plasma dissociated adrenaline
血浆游离肾上腺素,AD
骨髓穿刺和骨髓活检,Bone marrow biopsy
骨髓穿刺和骨髓活检,BMB
腹水检验,peritoneal fluid analysis
精液分析,semen analysis
心包积液物理性状,Pericardial Effusionin Test
心包积液化学检测,Pericardial Effusionin Test
心包积液显微镜检查,Pericardial Effusionin Test
心包积液感染性疾病的检查,Pericardial Effusionin Test
脑脊液分析,Cerebrospinal fluid analysis
脑脊液分析,CSF analysis
脑脊液蛋白质,Cerebrospinal fluid analysis
脑脊液蛋白质,CSF analysis
滑膜液物理性状,Synovial fluid analysis
滑膜液生化检查,Synovial fluid analysis
滑膜液显微镜检查,Synovial fluid analysis
滑膜液总细胞计数,Synovial fluid analysis
滑膜液感染性疾病测试,Synovial fluid analysis
粪培养,stool culture
尿培养,urine culture
伤口分泌物培养,
血培养,Blood Culture
ABO血型,ABO Grouping
Rh血型,Rh Typing
全血细胞计数,complete blood count
全血细胞计数,CBC
红细胞压积,hematocrit
红细胞压积,Hct
红细胞平均容积,mean corpuscular volume
红细胞平均容积,MCV
血小板(血涂片),platelet count
血小板(血涂片),PLT
JAK2,Janus Kinase 2
JAK2,JAK2
甲基丙二酸,methylmalonic acid
甲基丙二酸,MMA
血小板粘附功能试验,Platelet function test
血红蛋白变异体,hemoblobin variants
结合珠蛋白,haptoglobin
结合珠蛋白,Hp
血清转铁蛋白,transferrin
血清转铁蛋白,TF
抗Xa因子肝素,Anti-factor Xa hepar
抗Xa因子肝素,low molecular weight heparin
抗Xa因子肝素,AFXaH
抗Xa因子肝素,LMWH
HLA-B27,Human Leukocyte Antigen-subtypes B*2701-2759
HLA-B27,HLA-B27
国际标准化比值,International Normalized Ratio
国际标准化比值,INR
抗凝血酶活性,Antithrombin activity
抗凝血酶活性,AT―ⅢA
CD4和CD8计数,
过敏试验,Allergen-specific IgE antibody test
过敏试验,sIgE
直接抗球蛋白试验,direct antiglobulin test
直接抗球蛋白试验,DAT
间接抗球蛋白试验,Indirect Antiglobulin Test
间接抗球蛋白试验,IAT
胰岛素自身抗体,insulin antibodies
胰岛素自身抗体,IAA
胰岛瘤相关抗原-2自身抗体检测,insulinoma-associated antigen 2 autoantibodies
胰岛瘤相关抗原-2自身抗体检测,IA-2A
TORCH系列,toxoplasma
TORCH系列, rubella virus
TORCH系列, human cytomegalovirus
TORCH系列, herpes simplex virus
TORCH系列, other
TORCH系列,TORCH
梅毒,Syphilis
丙型肝炎抗体,viral hepatitis C
丙型肝炎抗体,HCV;HCV Ab
HIV 抗体检测,Human immunodeficiency virus antibody
HIV 抗体检测,HIV Ab
HIV 病毒载量,HIV viral load
p24抗原,p24 antigen
HIV耐药性基因型检测,Human Immunodeficiency Virus Genotypic Resistance Testing
HIV耐药性基因型检测,HIV genotypic
水痘和带状疱疹试验,varicella-zoster virus
水痘和带状疱疹试验,VZV
幽门螺杆菌,helicobacter pylori
幽门螺杆菌,HP
HPV,Human papilloma virus
HPV,HPV
西尼罗河病毒抗体试验,West Nile virus test
西尼罗河病毒核酸试验,West Nile virus test
百日咳病原检测,pertussis antigen test
百白咳抗体检测,pertussis antibody test
寄生虫和虫卵检测,detection of parasite and eggs
流感检测,Influenza Tests
呼吸道合胞病毒,respiratory syncytial virus
毛滴虫,trichomonad
淋病,gonorrhea
淋病核酸检测,gonorrhea
真菌检测,fungal tests
衣原体,Chlamydia trachomatis culture
艰难梭菌毒素,C. difficile toxin
艰难梭菌毒素,C. diff
革兰氏染色,Gram stain
革兰氏染色,GRAM
MRSA筛查试验,sensitive test of MRSA
药敏试验,antimicrobial susceptibility test
药敏试验,AST
链球菌检测,β-streptococcus test
单核细胞试验,heterophil agglutination test
莱姆病试验,Borrelia burgdorferi antibodies
急诊药物过量检测,
治疗药物监测,Therapeutic drug monitoring
环孢菌素监测,cyclosporin A
环孢菌素监测,CsA
地高辛监测,digoxin
乙醇监测,Ethanol
乙醇监测,EtOH
麦考酚酸监测,mycophenolic acid
麦考酚酸监测,MPA
西罗莫司监测,
他克莫司监测,tacrolimus
他克莫司监测,Tac
茶碱和咖啡因监测,theophyline and caffeine
硫嘌呤甲基转移酶,TPMT
万古霉素监测,vancomycin
丙戊酸监测,Valproic acid
苯妥英监测,phenytoin
尼古丁/可替宁,nicotine
胎儿纤连蛋白,fetal fibronectin
胎儿纤连蛋白,fFN
表皮生长因子受体,epidermal growth factor receptor
表皮生长因子受体,EGFR
粪便潜血试验,fecal occult blood test
粪便潜血试验,FOBT
巴氏涂片,Pap Smear
巴氏涂片,PAP
可溶性间皮素相关肽,Human Soluble Mesothelin Related Peptide
可溶性间皮素相关肽,SMRP
Tau/Aβ42,CSF Aβ42 tau
汗液氯化物,swear chloride
囊肿性纤维化基因突变检测,cystic fibrosis gene mutation test
囊肿性纤维化基因突变检测,CF gene
乳糜泻试验,celiac disease
异形嗜中性粒细胞,
α2-纤溶酶抑制抗原,Tissue Plasminogen Activator Antigen
脑脊液天门冬氨酸氨基转移酶,aspartate aminotaransferase
脑脊液溶菌酶,Lysozyme
脑脊液胆碱酯酶,Cholinesterase CSF
脑脊液尿酸,Uric acid CSF
脑脊液β-内啡肽,beta-endorphin CSF
脑脊液亮氨酸-脑啡肽,Leu-enkophalin CSF
脑脊液强啡肽,
脑脊液P物质,substance P of SP
脑脊液生长素,Growth Hormone
脑脊液生长抑素,Somatostain
体内血小板活化标志物,Heinrich Patscheke，Andreas Kaf
脑脊液促甲状腺素,
脑脊液精氨酸加压素,
脑脊液神经降压肽,
脑脊液钙调素,
脑脊液降钙素基因相关肽,
脑脊液血管活性肠肽,Vasoactive intestinal
脑脊液神经肽,
脑脊液心钠素,
脑脊液内皮素,endothelin
脑脊液丙氨酸氨基转移酶,
脑脊液C-反应蛋白,C-reactive protein
脑脊液β2-微球蛋白,
脑脊液总胆固醇,
脑脊液胆固醇酯,Cholesterol ester
脑脊液载脂蛋白,Apolipoprotein A1，B100，CⅡ，CⅢ，E
脑脊液脂质过氧化物,Lipoproxides
脑脊液丙二醛,Malonyldialolehyde
脑脊液髓鞘碱性蛋白,
脑脊液结合型髓鞘碱性蛋白,
脑脊液结合型髓鞘碱性蛋白抗体,
脑脊液游离型髓鞘碱性蛋白,
脑脊液游离型髓鞘碱性蛋白抗体,
脑脊液髓鞘碱性蛋白片段,
脑脊液纤维连接蛋白,Fibronectin CSF
脑脊液脑膜炎球菌抗原,
脑脊液结核性脑膜炎抗体,mycobacterium tuber-culosis antibody
脑脊液特异性梅毒螺旋体抗体,specific treponema pallidum antibody
脑脊液猪囊虫抗体,cysticercosis antibody
脑脊液单克隆抗体检测癌细胞,moncional antibody cancer cell
胸水检查,
纤维蛋白-琼脂平板溶解试验,
腹水检查,
心包积液检查,
关节腔液检查,
积液纤维结合蛋白,
积液β2-微球蛋白,β2-microglobulin
积液癌胚抗原,
胸腹水纤维蛋白降解产物,
腹水甘油三酯,
积液乳酸脱氢酶,
积液腺苷脱氢酶,adenosine deaminase
纤维蛋白肽A,fibrinopepide-A
积液溶菌酶,Lysozyme
痰液量,
痰液颜色,
痰液性状,
痰液气味,
痰液中细胞分类,
痰液中晶体,
痰液中寄生虫和虫卵,
痰液中弹力纤维,
痰液中柯什曼螺旋体,curshmann
纤维蛋白肽Bβ1～42,
痰液细菌涂片检查,
痰液中分泌型IgA,secretory IgA
痰液中分泌型IgE,secretory
痰液细菌培养,
胃液总量,
胃液颜色,color
胃液气味,Odor
胃液酸碱度(pH),
胃液显微镜检查,
基础胃液分泌量,basic acid output
凝血酶消耗试验,
最大胃液分泌量,maximal acid output
高峰胃酸分泌量,peak acid output
基础胃液分泌量/高峰胃液分泌量,
胰岛素胃酸分泌量,
无管胃酸分析,
五肽胃泌素胃液分析,pentagastrin
胃液乳酸定性试验,
胃液潜血试验,
胃液蛋白酶,stomach protease
胃液尿素测定,Urea
肝促凝血酶原激酶试验,
胃液γ-谷氨酰转移酶,
胃液β-葡萄糖醛酸苷酶,
胃液乳酸脱氢酶同工酶,
胃液胃组织癌胚抗原,carcinoembryonic antigen
胃液胃癌相关抗原,
胃液锌,Zinc、Zn
胃液IgG IgA,
十二指肠引流一般性状检查,
十二指肠引流显微镜检查,
十二指肠引流胰蛋白酶,
纤维蛋白肽B β15～42,
伦德试验,Lundh
胰酶泌素-胰泌素试验,pancreozyminsecrtin
精液量,
精液颜色,
精液黏稠度,
精液气味,
精液液化时间,
精液酸度,
精子数,
精子形态,
异形淋巴细胞,
β-血小板球蛋白,β-thromboglobulin
精子活动率,
精子活动力,
精子运动速度,
精液细胞,
精液细菌,
精子子宫黏液贯通试验,Sims-Huhner
精液果糖,
精液锌,
精液肉毒碱,carnitine
精液柠檬酸,
血小板第Ⅳ因子,platlet factor 4
精液酸性磷酸酶,acid phosphatase
精液乳酸脱氢酶-X,LDH-X
精子顶体酶,
精浆α-葡萄糖苷酶,α-Glucosidase
前列腺液颜色,
前列腺液卵磷脂小体,
前列腺液细胞,
前列腺液中淀粉样体,
前列腺液中细菌和原虫,
羊水量,
蝰蛇毒时间,Russell Viper Venom Time
羊水颜色,
羊水渗透量(压),
羊水卵磷脂/鞘磷脂比值,
羊水胆红素,
羊水肌酐,
羊水脂肪细胞出现率,
羊水钠,
羊水尿酸,
羊水甲胎球蛋白,
羊水白细胞,
蝰蛇毒磷脂凝固时间,
羊水细菌检查,
羊水与尿液鉴别试验,
羊水泡沫试验,
羊水细胞培养染色体检查,
羊水细胞性染色质检查,
阴道分泌物清洁度,
子宫颈黏液检查,
白带检查,
宫腔细菌培养,
阴道滴虫检查,culture and identification
阴道滴虫检查,trichomonas
蝰蛇毒复钙时间,
阴道分泌物细胞学检查,
解脲脲原体,
汗液电解质检查,
滑膜液肉眼检查,
滑膜液常规检查,
唾液pH值,
唾液钾,
唾液钠,
唾液钠/钾比值,
唾液氯化物,
蕲蛇酶时间,
唾液碳酸氢盐,
唾液淀粉酶,
唾液溶菌酶,
唾液尿素氮,
唾液肌酐,
唾液白蛋白,
唾液分泌型免疫球蛋白,
唾液皮质醇,
唾液睾酮,
唾液醛固酮,
游离肝素时间,Free Heparin Time
唾液黏蛋白,mucoprotein
唾液富酪蛋白,
唾液富组蛋白,
唾液中的细胞,
泪液pH,
泪液溶菌酶,
泪液乳铁蛋白,
泪液β2-微球蛋白,
泪液乳酸脱氢酶,lactate dehydrogenase，LDH
泪液电解质,
肝素-抗凝血酶Ⅳ复合物,
泪液表皮生长因子,
泪液分泌型免疫球蛋白A,
红细胞电泳时间,
全血黏度,
全血比黏度,
血浆黏度,
血清黏度,
血清比黏度,
全血还原黏度,
血沉方程K值,
复钙交叉试验,cross recalcification test
红细胞变形性,deforambility of red blood cells
红细胞聚集性,aggregation of red blood cells
血栓弹力图,thromboela-stogram
红细胞表面电荷,elechic charge of red blood cells
血小板电泳时间测定,
抗凝血酶抗原含量,antifhrombin antigen
棒状小体,
爬虫酶时间,reptilase time
血浆鱼精蛋白副凝试验,Plasma Protamine Paraco-agulation Test
纤维蛋白溶解时间,Fibrinelysis test
白陶土部分凝血活酶时间,Koalin Partial Thromboplastic Time
阿司匹林耐量试验,Aspirin Tolerance Test
复钙时间,Recalcification Time
狼疮抗凝物,lipus anticoagulants
狼疮抗凝物,LA
浆细胞,plasmacyte
血清钙,Serum Calcium
全血铁,
血清不饱和铁结合力,
血清铜,Serum Copper
血清铁/铜比值,
嗜中性粒细胞核鼓槌小体,
血清锌,Serum Zinc
全血铅,Plumbum Acid
全血汞,jurgen Kruse-jarres.Acid
全血锰,
全血砷,jurgen D.Kruse.jarre S
全血镉,
全血硒,Selenium
全血镍,
血清铝,Aluminium
血清金,
血清铯,
血浆氟化物,
全血铬,Chromium
皮质素葡萄糖耐量试验,
糖化血红蛋白,Clucosylated Hemoglobin
血液果糖,Fractose
果糖耐量试验,Fructose Tolerance Test
血液半乳糖,Galactose
半乳糖耐量试验,Galactose Tolerance Test
血清已糖,
血清乳糖,
血清游离脂肪酸,nonesterified fatty acid
血清胆固醇,Cholesterol CH Chol
血清游离胆固醇,
血清胆固醇酯,cholesterol
循环红细胞量,
血清磷脂,Serum Phospholipid
血清胆固醇与磷脂比值,
甘油三酯,Serum Triglyceride
甘油三酯,TG
血清脂蛋白和血清脂蛋白电泳,Serum Lipoproteineletrophoresis
血清脂蛋白X,
CA153,
高密度脂蛋白2-胆固醇,HDL2-cholesterol，Subsetin
高密脂蛋白3-胆固醇,HDL3-Cholesterol，Subsetin
全血容量,
极低密度脂蛋白-胆固醇,Very Low Density Lipoprotein Cholesterolin
载脂蛋白AⅠ,Serum Apoprotein AⅠ
载脂蛋白AⅡ,Serum Apoprotein AⅡ
载脂蛋白B,
载脂蛋白CⅠ,
载脂蛋白CⅢ,
长碳链脂肪酸,
血清过氧化脂质,Lipid Peroxides in Serum
血清游离甘油,
乳糜微粒,chylomicron
循环血浆量,
红细胞膜磷脂,
透明质酸,hyaluronic acid
总胆汁酸,total bile acids
苷-鹅脱氧胆酸,
苷-胆酸,Cholyglycine
石胆酸,
血清球蛋白,Serum Albumin
红细胞寿命,
血清粘蛋白,Serum Mucoprotein
血清冷球蛋白,Cryoglobulin Seram
血清结合球蛋白,
血清α1-微球蛋白,α1 microglobalin
血清α2-巨球蛋白,α2-macroglobulin
α2-热稳定性糖蛋白,α2-HS-Glycoprotein，Ba-α2-glycoprotein
维生素A醇结合蛋白,Retinol-Binding Protein
红细胞破坏部位测定,
血红素结合蛋白,Hemopexin
血浆游离血红蛋白,Plasma free hemoglobin
血清运铁蛋白,treansferrin
血浆正铁血红蛋白,
血浆结合球蛋白半定量测定,
变性球蛋白(Heinz)小体染色试验,Globin Denturation Test；Heinz Body Staining
变性球蛋白(Heinz)小体生成试验,
血清纤维结合蛋白,Fibronectin，Cold-insoluble Globulin
红细胞大小异常,
β1-妊娠特异蛋白,Pegnaney Secific β-Glycopro-tein，P1，Sβ1G
血清Ⅳ型胶原蛋白,Collagen in Serum
血清Ⅲ型胶原蛋白,
3.8sα2-糖蛋白,3.8sα2-glycoprotein Gistidine-rich α2-Glycoprotein
血清α1-酸性糖蛋白,α1-Acid glycoprotein
间α胰蛋酶抑制物,Inter-α-Trypsin Inhibitor，IαTI
血清甲状腺素结合前白蛋白,
血浆β-血小板球蛋白,β-Thromboglobulin
血清皮质醇结合球蛋白,croticosterool binding globulin
血清类固醇结合β-球蛋白,
α2-妊娠相关蛋白,α2-pregnancy-Associated Glyco-protein
血清淀粉样蛋白A,Lothar Thamas
层粘连蛋白,laminin
纤维连接蛋白,Fibronectin Clod-Insoluble Globulin
颗粒膜蛋白-140,α-granule membrane protein-140
α2-HS-糖蛋白,α2-HS-Glyco Protein，Ba-α2-Glyco Protein
红细胞比容,
烟碱,
血清冷纤维蛋白原,
血液碳氧血红蛋白,Carboxy-hemoglobin
血液硫化血红蛋白,
GC球蛋白,GC-Clobulin，GC
血红蛋白A2,
红细胞平均直径,
血栓调节蛋白活性,Thrombomodulin Activity
血浆蛋白C抗原,Protein C Determination
麝香草酚浊度试验,thymol turbidity test
硫酸锌浊度试验,
复方碘试验,
血清甘-鹅去氧胆酸,
氨基酸测定,determination of a mino acid
血氨,Blood Ammonia
胍基化合物,
血细胞分析仪,
血清尿素,Urea
血清尿素,Ure
血清尿素氮,Blood Urea Nitrogen
血液尿素氮与肌酐比值,
血浆环磷酸腺苷,cyclic adenosine monophosphate
血液丙酮酸,Blood Pyruvic Acid
乳酸与丙酮酸比值,
红细胞体积分布宽度,RBC distribution width
血清乙酰乙酸,Acetoacetic Acid
血清一氧化氮,Nitric Oxide
血清一氧化氮,NO
血浆缬氨酸,Valine
血浆缬氨酸,Val
血浆亮氨酸,
血浆异亮氨酸,
丝氨酸,
组氨酸,Histidine
组氨酸,His
精氨酸,
天门冬氨酸,
红细胞体积指数,
甘氨酸,Glyeine
脯氨酸,
羟脯氨酸,
赖氨酸,Lysine
谷氨酰胺,
色氨酸耐量试验,
血浆酮体,
球形红细胞,spherocyte
血清苯丙氨酸,Phemylalanine
血清酪氨酸,Tyrosine
血清支链氨基酸/芳香族氨基酸比值,
环磷酸鸟苷,Cyclic Guanosinc Monophosphate
血清丙氨酸氨基转移同工酶,
血清谷草转氨酶与血清谷-丙转氨酶比值,
血清天冬氨酶氨基转移酶同工酶,Aspatratate Aminotransferase
先令氏指数,
椭圆形红细胞,elliptocyte
血清γ-谷氨酰转肽酶同工酶,γ-GGT Isoenzyme
血清乳酸脱氢酶,Lactic Dehydrogenase
血清碱性磷酸酶同工酶,ALP isoenzyme
血清酸性磷酸酶,acid phosphatase
血清酸性磷酸酶同工酶,
淀粉酶同工酶,
5＇-核苷酸酶,5＇-mucletidase
镰形红细胞,sickle cell
巨淀粉酶,
胆碱酯酶,Choline esterase
DNA多聚酶,
异柠檬酸脱氢酶,Isocitrate Dehydrogenase
单胺氧化酶,Monoamine Oxidase
血清单胺氧化酶同工酶,
靶形红细胞,target cell
血清肌酸激酶同工酶,
血清醛缩酶,alolase
血清醛缩酶同工酶,
α-羟丁酸脱氢酶,alphahydroxyric dehydrogenase
血清鸟嘌呤酶,Guanase
血清腺苷脱氨酶,Adenosine Deaminase
亮氨酸氨基肽酶,Levcine Aminopeptidase
血清山梨醇脱氢酶,Sorbitol Dehydrogenase
血清磷酸已糖异构酶,Phosphate Isomerase
谷氨酸脱氢酶,Glutamate Dehydrogenase
口形红细胞,stomatocyte
血清精氨酸酶,
血清糜蛋白酶,
胰凝乳蛋白酶,chymotrypsin
丙氨酸氨基肽酶,Alanine Aminopeptidase
胃蛋白酶,pepsin
血管紧张素转化酶,Angiotenisin Converting Enzyme
溶菌酶,Lysozyme
泪滴状红细胞,
血清鸟氨酸氨基甲酰转移酶,Ornithine carbamoyltransferase
纤溶酶,Plasmin
精氨酰琥珀酸裂解酶,Arginosuccinate Lyase
血清丙酮酸激酶,Pyruvate Kinase
前列腺酸性磷酸酶,Prostatic acid phosphatase
磷酸甘油酸激酶,Phosphoglycerate Kinase
磷酸甘油转化酶,Monphosphglyceromutase
血清脯氨酸羟化酶,pmlyl-4-hygroxylase
血清谷胱甘肽过氧化物酶,Glutathione Peroxidase
脯氨酸肽酶,
棘形红细胞,acanthocyte
超氧化物岐化酶,Superoxide dismutase
脂蛋白脂肪酶,Lipoprotein Lipase
血清卵磷脂-胆固醇酰基转移酶,Lecithin-cholesterol Acyl Transferase
链激酶-链道酶试验,
β-N-乙酰氨基葡萄糖苷酶,
α-葡萄糖苷酶,α-Glucosidase
β-半乳糖苷酶,β-Galactosidase
β葡萄糖醛酸苷酶,β-Glucuronidase
血清α-L-岩藻糖苷酶,α-L-fucosidase
皱缩红细胞,
α-D-半乳糖-1-磷酸转尿苷酰酶,α-D-Galactose-1-phos-phate uridy 1 transferase
已糖胺全酶,
甘氨酰脯氨酸二肽氨基肽酶,Glycyl-proline-dipeptidyl aminopeptidase
红细胞还原型谷胱甘肽(GSH)及稳定试验,Glutathione Stability Test
红细胞谷胱甘肽还原酶,Glutathine Peductase
谷胱甘肽S转移酶,glutathione s-transferase
红细胞谷胱甘肽合成酶,
红细胞腺苷酸激酶,Adenylate Kinase in erythrocyte
红细胞醛缩酶,
红细胞二磷酸甘油转移酶,Bisphosphoglyceromutase
碎裂红细胞,schistocyte
红细胞乳酸脱氢酶,Laete Dehydrogenase
红细胞δ-氨基-γ-酮戊酸脱水酶,δ-Aminolevulinate Dehydratase
红细胞溶血卵磷脂酰基转移酶,Lysolecithin Acyl Transferase
红细胞烯醇化酶,Enolase
红细胞乳酸生成率,
红细胞己糖激酶,Hexokinase
红细胞磷丙糖异构酶,Triose Phosphate Isomerase
缗钱状红细胞,
红细胞葡萄糖磷酸异构酶,Glucose Phosphate Isomerase
红细胞磷酸果糖激酶,Phosphofructokinase
红细胞丙酮酸激酶,Pyruvate Kinase
苹果酸脱氢酶,Malate Dehydrogenase
红细胞5＇-嘧啶核苷酸酶,Pyrimidine-5＇-Nucleotiase
红细胞磷酸甘油转化酶,Monophosphoglyceromutase
红细胞磷酸甘油酸激酶,Phosphoglycerate Kinase
红细胞磷酸甘油醛脱氢酶,Glyceraldehyde phosphate De-hydrogenase
红细胞乙酰胆碱脂酶,
总胆红素,Total Bilirubin
总胆红素,TBil
多染性红细胞,
1分钟胆红素,
直接胆红素与总胆红素比值,
直接胆红素/间接胆红素比值,
δ-胆红素,
靛青绿试验,indoeyaninegreen
刚果红试验,
维生素A,Vitamin Adeficiency
嗜中性杆状粒细胞数,
红细胞染色质小体,Howell-Jollys Bodies
维生素A耐量试验,
β-胡萝卜素,
维生素B2,vitamin B2
维生素B3,
维生素B6,
维生素C,vitamin C
红细胞环状体,
维生素E,vitamin E
烟酸,
二氧化碳结合力,Carbon Dioxide Combining Power
血氧含量,oxygen content
血氧饱和度,Oxygen Saturaton
二氧化碳总量,Carbon Dioxde Toal Amoun
有核红细胞,mucleated eryhrocyte
标准碳酸氢盐,Standard Bicarbonate
实际碳酸氢盐,Actual Bicarbonate Radical
缓冲液,Buffer Base
剩余碱,Blood Base Excess
肺泡气-动脉血氧分压差,Difference of alveoli-arterial Oxygen Pressure
半饱和氧分压,
阴离子间隙,Anion Gap
一氧化碳,
血清免疫球蛋白G,
血清免疫球蛋白A,
血清免疫球蛋白M,
血清免疫球蛋白E,
血清免疫球蛋白D,
血清免疫蛋白电泳,
血清免疫球蛋白G亚类,
单克隆丙种球蛋白,
抗血小板抗体,antithrombocytic antibody
血红蛋白电泳,Hemoglobin Electrophoresis
抗中性粒细胞胞浆抗体,anti-neutrophil cytoplasmic antibodies
抗脱氧核糖核酸(DNA)抗体,
狼疮细胞试验,Lupus Erythematosus Cell
抗胃壁细胞抗体,Parietal cellantibody PCA
抗骨骼肌抗体,antiskeletalmuscle antibody，抗SMA
抗肾上腺皮质抗体,anti-adrenal cortex antibody
甲胎蛋白,AFP
抗核仁核糖核酸(RNA)抗体,
抗网蛋白抗体,
抗浸出性核抗原(ENA)抗体,
抗隐球菌抗体,
抗双链DNA抗体,anti-double-stranded DNA
抗单链DNA(ssDNA)抗体,anti-single-stranded ordenafured
抗Sm抗体,anti-smith antigen
抗Sm抗体,anti-sm
抗U1RNP抗体,
抗胰岛素抗体,anti-insulin antibody
抗胰岛素受体抗体,anti-insulin receptorantibody
抗内因子抗体,
抗内皮细胞抗体,
抗组蛋白抗体,anti-histone
抗角蛋白抗体,
抗肌球蛋白抗体,anticardiac myosin antibody
抗心肌细胞膜抗体,antimyolemmal antibodies
抗热休克蛋白-60抗体,
血红蛋白抗碱试验,
抗Jo-1抗体,
前S抗体,
抗类风湿性关节炎33抗体,
抗RNP抗体,
抗Scl-70抗体,
甲状腺过氧化物酶抗体,TPOAb
T3T4抗体,
抗甲状腺微粒体抗体,Anti-Thyriod Microsome Antibody
血红蛋白F细胞酸洗脱染色试验,
抗SS-A(Ro)抗体,
抗SS-B(La)抗体,
抗PM-1抗体,anti-PM-1
抗核仁抗体,
抗着丝点抗体,anti-centromere
抗麸质抗体,
抗肌内膜自身抗体,
抗心肌抗体,anti-myocardialantibodies
血红蛋白F包涵体生成试验,
抗肾小球基底膜抗体,anti-glomerularbasement membrane antibody
抗肝细胞膜抗原抗体,anti-liver membrane antigen antibody
抗肝细胞膜特异性脂蛋白抗体,anti-liver specific lipoprotein antibody
抗Sa抗体,anti-Sa
抗Ku抗体,
抗幽门杆菌IgG抗体,
抗流行性乙型脑炎病毒IgM抗体,
抗组织相容性抗原-DR抗体,
可溶性白细胞介素-2受体,soluble interleukin-2 receptor
抗柯萨奇B病毒IgG抗体,
嗜中性分叶核粒细胞数,
血红蛋白C晶体包涵体试验,
抗巨细胞病毒IgM抗体,
抗流行性出血热IgM抗体,
抗乙酰胆碱受体抗体,anti-acetylcholine receptorantibody
烟碱型乙酰胆碱受体抗体,
抗骨骼肌柠檬酸提取物抗体,
抗淋巴细胞抗体,
抗精子抗体,antispermantibody
抗透明带抗体,antizona pellucida antibody
抗子宫内膜抗体,endometrialantibody
血红蛋白溶解度,
人类轮状病毒抗体,Rotavirus Antibody
EB病毒壳抗原IgA抗体,EB virus capsid Antigen IgA
风疹病毒抗体IgG,Rubella Virus Antibody Rubella-IgG
抗艾滋病(AIDS)抗体,
抗登革病毒IgG抗体,
抗链球菌型M蛋白抗体,
抗链球菌壁多糖抗体,antibody to streptococcal polysaccharide
外周血淋巴细胞促凝血活性试验,procoagulant activity
E-玫瑰花环形成试验,Erythrocyte Rosette Forming Cell
EAC玫瑰花结形成试验,
不稳定血红蛋白,
淋巴细胞转化率,Lymphocyte Blastogenesis Test
循环免疫复合物,circulating immunocomplex
迟发性皮肤变态反应,
红细胞(血涂片)，red blood cell count(RBC),
双链酶皮内试验,
二硝基氯苯斑贴试验,1-chloro-2，4-dini-trochlorobenzene
二硝基氟苯皮肤试验,
植物血凝素皮内试验,phytohemagglutinin
血清补体旁路途径活性,
血清C1q,
高铁血红蛋白还原试验,
血清补体C3裂解产物,
血清补体C4裂解产物,
C3肾炎因子,
B因子,
B因子溶血活性,
血清补体溶解免疫复合物活性,
鼠红细胞花环形成试验,
B淋巴细胞表面标志,
硝基四唑氮蓝试验,Nitroblue Tetrazolium Test
自然杀伤细胞活性,Natural Kill Cell
嗜碱性点彩红细胞,
抗体依赖性细胞(K细胞)毒性,Antibody-Dependent Cell-mediated Cytotoxic
混合淋巴细胞培养试验,Mixed Lymphocyte Cultivation Test
HLA定型,
白细胞移动抑制试验,leucocyte migration inhibitory factor
淋巴细胞毒试验,Lymphocytotoxicity Test
中性粒细胞趋化试验,Neutrophil Leueotactie Test
中性炎症细胞吞噬试验,Neutrophil Phagoeytic Test
中性粒细胞杀菌试验,Neutrophil Killing Bacterial Test
T4淋巴细胞亚群,
免疫球蛋白轻链,Bence-Jones Protein
T8淋巴细胞亚群,
T4/T8比值,
巨噬细胞移动抑制试验,migration inhibition test
吞噬白色念珠菌功能试验,
吞噬鸡红细胞功能试验,
血清白细胞介素3,Interleukin-3
血清白细胞介素6,Interleukin-6
血清白细胞介素8,Interleukin-8
干扰素,interferon
γ-干扰素,
网织红细胞,reticulocyte
网织红细胞,Ret
血清补体C3,
血清补体C4,
交叉配血试验,Blood Grup Cross Matching Test
肥达氏反应,Widal Test
外-斐二氏反应,Weil-Felix Test
寒冷凝集试验,Cold Agglutination Test
布氏杆菌凝集试验,
虎红平板凝集试验,
试管凝集试验,Wright test
网织红细胞生成指数,
补体结合试验,
半胱胺酸试验,
α-巯基乙醇试验,
嗜异性凝集试验,Heterophile Agglutination Test
嗜异性凝集吸收试验,
钩端螺旋体病凝集溶解试验,
土拉伦斯杆菌凝集试验,
立克次体凝集试验,
孢子丝菌凝集试验,
红细胞渗透脆性试验,Erythrocyte Osmotic Fragility Test
肺炎支原体寒冷凝集试验,
灭活血清反应素试验,
快速血浆反应素环状卡片试验,
梅毒螺旋体血凝试验,
血吸虫环卵沉淀试验,
血吸虫皮内试验,
血吸虫间接血凝试验,
血吸虫酶联免疫吸附试验,
血吸虫胶乳凝集试验,
红细胞机械性脆性试验,
疟疾间接免疫荧光试验,
华(Wassermann)氏补体结合试验,
抗链球菌激酶试验,antistreptokinase
抗透明质酸酶,antihyalumnidase
抗核苷酶试验,antinicotinamide adenine dinucleotidase
溶血性乙型脑炎补体结合试验,
钩端螺旋体补体结合试验,
包虫病补体结合试验,
囊虫病补体结合试验,
嗜酸性粒细胞数,
热溶血试验,Heat Lysis Test
淋巴细胞脉络丛脑膜炎补体结合试验,
芽生菌补体结合试验,
沙眼衣原体,
沙眼衣原体IgM和IgG,
肺炎支原体补体结合试验,
立克次体补体结合试验,
隐球菌病补体结合试验,
TORCH检查,
甲型肝炎抗原,
蔗糖水溶血试验,Sucrose Lysis Test
抗甲型肝炎病毒IgA抗体,
乙型肝炎表面抗原,
乙型肝炎表面抗体,
乙型肝炎核心抗原,hepatitis B core antigen
乙型肝炎核心抗体,
乙型肝炎核心抗体免疫球蛋白M,
乙型肝炎核心抗体免疫球蛋白G,
乙型肝炎e抗原,
乙型肝炎e抗体,
酸化血清溶血试验(Ham's),
丙型肝炎RNA,
抗丙型肝炎病毒IgA抗体,
丙型肝炎病毒抗体免疫球蛋白G,
丙型肝炎病毒抗体免疫球蛋白M,
丁型肝炎抗原,
丁型肝炎抗体,
抗丁型肝炎病毒IgG抗体,
抗丁型肝炎病毒IgM抗体,
抗戊型肝炎病毒抗体,
抗戊型肝炎病毒IgG抗体,
抗戊型肝炎病毒IgM抗体,
抗庚型肝炎病毒E2抗体,
抗庚型肝炎病毒IgG抗体,
乙型肝炎病毒前S2抗原,
乙型肝炎病毒抗-前S2抗体,
柯萨奇病毒抗体,
埃可病毒抗体,
流感病毒抗体,
副流感病毒抗体,
呼吸道合胞病毒抗体,
腺病毒抗体,
腮腺炎病毒抗体,
流行性出血热病毒抗体,
轮状病毒抗体,
军团菌血清学试验,
脊髓灰质炎病毒抗体,
自身溶血试验,Auto Hemolysis Test
麻疹病毒抗体,
乙型脑炎病毒抗体,
人类免疫缺陷病毒抗体,
阿米巴原虫抗原和抗体,
疟原虫抗原和抗体,
血栓调节蛋白抗原,
CA50,
氰化高铁Hb测定法,
CA72-4,
CA242,
神经元特异性烯醇化酶,neuron-specific enolase
端粒酶活性,
前列腺特异性酸性磷酸酶,prostatic acid phosphatase
鳞状上皮细胞癌抗原,squamous cell carcinoma antigen
组织多肽抗原,tissue polypeptide antigen
十二烷基硫酸钠Hb测定法,
碱性胚胎蛋白,basic fetoprotein
胎儿胰腺腺泡蛋白,fetoacinar pancreatic protein
胰胚抗原,pancreatic oncotetal antigen
人酸性铁蛋白,acidic isoferitin
肝癌铁蛋白,hepatoma ferritin
细胞角质蛋白19片段,
p53蛋白,
免疫抑制酸性蛋白,immunosuppressive acidic protein
肿瘤相关抗原,tumor relative antigen
流行性脑脊髓膜炎免疫学试验,
冷溶血试验,
叠氮高铁血红蛋白,
密螺旋体活动试验,treponema pallidum
荧光法密螺旋体抗体吸附试验,fluorescent treponemal anti-body-absorption
螺旋体蛋白补体结合试验,
钩端螺旋体乳胶凝集试验,
血吸虫尾蚴膜反应,
血吸虫斑点酶联免疫吸附试验,
囊虫胶乳凝集试验,
弓形虫点免疫金渗滤法,
并殖吸虫后尾蚴膜反应,
全血糖化Hb,Glucosylated Hemoglobin
抗人球蛋白试验,
催乳素,
促卵泡成熟激素,
抗利尿激素,
催产素,Oxytocin
总甲状腺素,
血清甲状腺素,
嗜碱性粒细胞数,
红细胞碱粒凝集试验,
游离甲状腺指数,
总三碘甲状腺原氨酸,
血清三碘甲状腺原氨酸,
游离三碘甲状腺原氨酸指数,
反三碘甲状腺原氨酸,
甲状腺素结合球蛋白,thyroxine-binding globulin
促甲状腺激素释放激素,thyrotropin-releasing hormone
血清蛋白结合碘,
血清丁醇提取碘,
甲状腺131碘吸收率,
降钙素,Calcitonin
尿17-酮类固醇,17-ketosteroide
尿17-生酮类固醇,
血小板平均体积,mean platelet volume
血浆醛固酮,aldosterone
血浆18-羟-脱氧皮质酮,
血浆11-脱氧皮质酮,
血浆18-羟-皮质酮,
血浆游离皮质醇,
肾素活性,Renin Activity
血管紧张素Ⅰ,Angiotensin-Ⅰ
血管紧张素Ⅱ,Angiotensin-Ⅱ
β-促黑素细胞激素,
儿茶酚胺,catecholamine
血小板比积,Platelet Crit
去甲-3-甲氧肾上腺素,
3-甲氧基肾上腺素,
4-羟基-3-甲氧基扁桃酸,Vanillyl-mandelic Acid in Urine
5-羟吲哚乙酸,5-hydroxyindoleaceticacid
血小板寿命,
双氢睾酮,dihydrotestosterone
雄烯二酮,
血浆17-羟孕酮,17-α-hydoxy progesterone
胰岛素抗体,Insulin Antibody
胰岛细胞膜抗体,
胰岛素原,proinsulin
血小板黏附功能试验,platelet adherence test
C-肽,
胰高血糖素,glucagon
钙调素,calmodulin
缩胆囊素,cholecystokinin
胰泌素,Secretin
胰多肽,panoreatio polypeptide
肠血管活性肽,vasoactive intestinal peptide
血栓素B2,thromboxane
6-酮前列腺素F1α,6-Keto-PGF1α
心钠素,Atrial Natriuretic Peptide
心钠素,ANP
内皮素,Endothelin
骨髓有核细胞总数,
骨髓增生程度,Marrow Proliferation Analysis
骨髓巨核细胞数和分类,Megakaryocyte System
骨髓粒细胞系统,Cranulocyte System
骨髓红细胞系统,Erythrocyte System
骨髓淋巴细胞系统,Lymphocyte System
血小板第Ⅲ因子有效性试验,platelet factor 3
骨髓单核细胞系统,Monocyte System
骨髓浆细胞系统,Plasmacyte System
骨髓其他细胞,
粒细胞与红细胞比值,Granulocyte∶Erythrocyte
骨髓异常细胞和寄生虫,
骨髓细菌培养,
α-茶酚醋酸酯酶染色,alpha-naphthol acetate esterase stain
醋酸AS-D茶酚脂酶染色,
醋酸AS-茶酚酯酶染色,
脱氧核糖核酸染色,Deoxyribonucleic Acid Stain
毛细血管脆性试验,Capillary Fragility Test
过氧化酶染色,Peroxidase Stain
碱性磷酸酶染色,Alkaline Phosphatase Stain
酸性磷酸酶染色,Acid Phosphatase Stain
糖原染色,Glycogenstain
核糖核酸染色,Ribonucleic Acid Stain
铁染色,Irongranules Stain
phi(φ)小体染色,
特异性脂酶染色,Specific Esterase Stain
苏丹黑B染色,Sudan black B stain
胶体铁染色,
出血时间,bleeding time
阿利新蓝染色,Alcian blue
尿渗透压,Urine Osmole2
尿液颜色,Urine Color
尿透明度,Transparency
尿酸度,Urine pH
尿沉渣12小时计数,Addis Count
淋巴细胞数,Lymphocyte
凝血时间,clotting time
尿沉渣3小时计数,one hour sediment examination of urine
尿蛋白定量,Urine Protein Quantitation
尿血红蛋白定性,Urine Hemoglobin
尿酮体试验,Urine Acetome Bodies
尿胆红素,Urine Bilirubin
尿胆原,Urobilinogen
尿胆素,Urobilin
尿乳糖,
尿半乳糖,
尿果糖,
尿戊糖,
乳糜尿定性试验,Urine Chyle
尿脂肪,lipiduria
尿三杯试验,Three Cup Test of Urine
尿尿酸,uric acid
尿肌酸,
尿肌酐,
尿总氮,
尿素氮,Blood Urea Nitrogen
尿尿素,ure
尿氨氮,
尿氨基酸氮,
尿TH蛋白,Tamm-Harsefall
尿淀粉酶,Amylase
尿淀粉酶,AMS
尿淀粉酶,AMY
尿钾,Potassium
尿钾,K
尿钠,Sodium
尿钠,Na
尿钙,Calcium
尿磷,Phosphorus
尿镁,Magnesium
尿铅,Plumbum
尿锌,Zinc
尿铜,Copper
尿汞,Hydrargyrum
尿碘,iodium
尿砷,
尿氟,
尿硒,Selenium
尿锰,Manganese
尿铬,Chromium
尿铍,
尿镉,Cadmium
尿草酸盐,
血小板体积分布宽度,Platelet Distribution Width
尿亚硝酸盐,
尿隐血,Urine Occult Blood Test
尿卟胆原,
尿含铁血红黄素,Urine Hemosiderin
尿黑素,
尿α1-微球蛋白,α1-Microglobulin
尿液运铁蛋白,Transferrin
尿免疫球蛋白,Assay Immunoglobulin
血管性假血友病因子,Von Willebrand Factor
尿TH糖蛋白,Tamm-Harsefall
尿羟脯氨酸,determination of hydroxyproline in the urine
尿苯丙酸试验,phenylpyraric acid in urine
尿胱氨酸,Cystine
尿瓜氨酸,
尿液细菌培养,
尿N＇-甲基烟酰胺,
尿液浓缩稀释试验,Mosenthal’s test
尿溶菌酶,Lysozyme
血小板ATP释放试验,ademosine triphosphate
尿维生素B2,Viboflavin
尿维生素C,ascorbic acid
尿促卵泡成熟素,Follicle Stimulating Hormone
尿黄体生成素,Luteinizing Hormone
尿醛固酮,Aldosterone in Urine
尿儿茶酚胺,Catecholamine in Urine
尿苦杏仁酸,Vanilly mandeliacid in Urine
尿肾上腺素,Adrenamine in plasma and urine
尿5-羟吲哚乙酸,
尿睾酮,Testosterone Urine
凝血酶时间,Thrombin Time
尿液雌酮,Estrone in serum and urine
尿液雌二醇,Estradiol in serum and urine
尿液雌三醇,Estriol in serum and urine
尿孕酮,Progesterone in serum urine
尿多巴胺,Dopamine inplasma and urine
尿γ-谷氨酰转移酶,Gamma-Glutamyl Transferase，γ-GT
尿N-乙酰β-D氨基葡萄糖苷酶,N-Acetyl-Glucosaminidase
尿N-乙酰β-D氨基葡萄糖苷酶,NAG
尿β半乳糖苷酶,β-Galactosidase
尿丙氨酸氨基肽酶,Alanine Aminopeptidase
尿丙氨酸氨基肽酶,AAP
尿亮氨酸氨基肽酶,Leucine Aminopeptidase
尿碱性磷酸酶,Alklinephosphatase Urine
尿碱性磷酸酶,UALP
尿谷草转移酶,Aspartate Aminotransferase
尿胃蛋白酶,
尿胃蛋白酶原,
尿环磷酸腺苷,Cyclic Guanosine Monophosphate
尿环磷酸鸟苷,
尿前列腺素,
尿6-酮-前列素F1a,
尿血栓素B2,thromboxane
单核细胞数,Monocyte
优球蛋白的溶解时间,Euglobulin Lysis Time
尿对羟苯丙酮酸,
尿β-羟丁酸,
尿谷氨酰胺,
尿亮氨酸,
尿维生素B6,
尿维生素B1,
尿胆汁酸,
尿C肽,
尿液去甲肾上腺素,
纤维蛋白降解产物,fibrinogen degradation products
尿δ-氨基-γ-酮基戊酸,
尿17-羟皮质类固醇,
尿去氢异雄酮,dehydroepiandrosterone
尿铜蓝蛋白,
尿妊娠胶乳凝集抑制试验,
尿早早孕试验,
尿纤维蛋白降解产物,
尿沉渣细胞学,
尿沉渣管型,
血块收缩时间,Clot Retration Time
尿沉渣结晶,
尿比重3h试验,
尿浓缩试验,
尿素清除率(UCL),
酚红排泄试验,phenolsulfonphthalein
菊粉清除率,clearance inulin test
肾小管氨马尿酸最大排泄量试验,tubular maximal PAH excretory
对氨马尿酸清除率,PAH clearance test
简易凝血酶生成试验,Simplified Thrombo-plastin Generation Test
肾小管葡萄糖最大重吸收量试验,tubular maximal glucose reabsorptive capatity
肾小球滤过分数,filtration fraction
肾血浆流量,renal plasma flow
肾血流量,
粪量,
粪形状和硬度,
粪颜色,
粪气味,
粪食物残渣,
粪中结晶,
乙醇凝胶试验,Ethanol Gelation Test
粪中细胞,
粪中脂肪,
粪脂肪定量,Quantity of Fat
粪寄生虫卵,
粪隐血试验,Occult Blood Test
粪胆红素,
粪胆素,
粪胆原,
粪糜蛋白酶,
粪卟啉,
纤溶酶原,Plasminogen
粪特里布累,
粪钙,
粪钾,potassium
粪氯,Chloride
粪酸碱度,acidity-PH
粪便菌群失调,
粪细菌培养,
粪结核杆菌检查,
脑脊液压力,
脑脊液颜色,
脑脊液透明度,
脑脊液比重,
脑脊液蛋白定性,
脑脊液蛋白定量,
脑脊液蛋白电泳,Protein Electrophoresis of CSF
脑脊液免疫球蛋白,
脑脊液IgG/白蛋白比值,
脑脊液葡萄糖和血清葡萄糖比值,
组织纤维溶酶原激活物(t-PA),Tissue Plasminogen Activator Activity
脑脊液非蛋白氮,nonprotein nitregen
脑脊液细胞计数,
脑脊液细胞分类计数,
脑脊液细菌培养,
脑脊液隐血试验,
脑脊液无机磷,
脑脊液谷氨酰胺,glutamine
脑脊液氨基酸,Amino Acid CSF
脑脊液色氨酸试验,
李文生试验,Levinson
血小板活化因子,Platelet activating factor
脑脊液铁,iron ferrum
脑脊液钾,potassium K
脑脊液钠,Sodium Na
脑脊液钙,Calcium Ca
脑脊液镁,Magnesium Mg
脑脊液铜,
脑脊液铅,
脑脊液囊虫病间接血球凝集试验,
脑脊液(Kahn)氏沉淀试验,
脑脊液梅毒血清补体结合反应,
α2-纤溶酶抑制物活性,α2-Plasmin inhibiton Activity
脑脊液胶体金试验,
脑脊液乳酸,lactic acid CSF
脑脊液乳酸脱氢酶,
脑脊液异柠檬酸脱氢酶,
脑脊液肌酸激酶,Creatine Kinase CSF
脑脊液5-羟吲哚乙酸,
脑脊液酸碱度值,
脑脊液环磷腺苷,
脑脊液环磷鸟苷,
癌胚抗原,CEA
前列腺特异性抗原,prostate specific antigen
前列腺特异性抗原,PSA
血清骨钙素,Bone Gla-protein
血清骨钙素,BGP
同型半胱氨酸,homocysteine
同型半胱氨酸,HCY
凝血因子,coagulation factors
凝血因子V Leiden基因突变和凝血酶原基因20210突变,
高敏C反应蛋白,high sensitivity C-reactive protein
高敏C反应蛋白,hs CRP
谷氨酸脱羧酶自身抗体,glutamic acid decarboxylase autoantibodies
谷氨酸脱羧酶自身抗体,GADA
妊娠早期唐氏综合症筛查,
三联或四联筛查,
葡萄糖耐量试验,Glucose Tolerance Test
葡萄糖耐量试验,GTT
妊娠相关血浆蛋白A,Pregnancy-Associated Plasma Protein A
妊娠相关血浆蛋白A,PAPP-A
丙氨酸(Ala),
谷氨酸(Glu),
色氨酸(Try),
胱氨酸(Cys),
胰蛋白酶(Try),
维生素B1,Vitamin B1
维生素B1,VB1
隐球菌病胶乳凝集试验(LA),
雌酮,
尿蛋白,Urine Protein
血清甘胆酸,
降钙素原,
鹅脱氧胆酸,
蛇毒因子溶血试验,
活化凝血时间,
G试验,
GM试验,
抗胰糜蛋白酶,AACT
抗胰蛋白酶,AAT
Alph横纹肌肌动蛋白,
肌动蛋白,
平滑肌肌动蛋白,
间变性淋巴瘤激酶,ALK
alpha连接素,
α甲酰基辅酶A消旋酶,AMACR
APC基因,
雄激素受体,AR
Bax,
Bcl-10,
Bcl-2,
Bcl-6,
beta连接素,
微管蛋白betaⅢ,
骨形成蛋白4,BMP4
Bob.1,
BRCA1,
尿嘧啶脱氧核苷,BrdU
C1q补体,C1q
C3c补体,C3c
C4c补体,C4c
C4d,
CA15-3,
CA19-9,
CA72.4,
钙结合蛋白,
钙调理蛋白,
钙网膜蛋白,
细胞角蛋白CAM5.2,CAM5.2
半胱氨酸蛋白酶3,
组织蛋白酶D,
CD10,
CD105,
CD123,
CD13,
CD133,
CD138,
CD14,
CD146,
CD147,
CD15,
CD163,
CD19,
CD1a,
CD2,
CD20,
CD21,
CD23,
CD24,
CD25,
CD3,
CD30,
CD31,
CD33,
CD34,
CD35,
CD38,
CD4,
CD43,
CD44 HCAM,
CD44 V3,
CD44 V6,
CD45RA,
CD45RB,
CD45RO,
CD5,
CD54,
CD56,
CD57,
CD61,
CD62E,
CD63,
CD68,
CD7,
CD74,
CD79a,
CD8,
CD9,
CD99,
CDX2,
c-erbB-2,
c-erbB-4,
嗜铬素A,
CK(34bE12),
CK(35bH11),
细胞角蛋白AE1,CK AE1
细胞角蛋白AE3,CK AE3
细胞角蛋白(广谱),CK Pan
细胞角蛋白10&13,CK10&13
细胞角蛋白14,CK14
细胞角蛋白17,CK17
细胞角蛋白18,CK18
细胞角蛋白19,CK19
细胞角蛋白20,CK20
细胞角蛋白5,CK5
细胞角蛋白5&6,CK5&6
细胞角蛋白7,CK7
细胞角蛋白8,CK8
细胞角蛋白8&18,CK8&18
c-Kit,
紧密连接蛋白1,
紧密连接蛋白3,
紧密连接蛋白4,
紧密连接蛋白7,
c-Met,
巨细胞病毒早期蛋白,CMV EA
巨细胞病毒晚期蛋白,CMV LA
c-Myc,
II型胶原,
III型胶原,
IV型胶原,
层粘连蛋白43,
环氧化物酶1,Cox-1
环氧化物酶2,Cox-2
CXCL13,
周期素B1,
周期素D1,
周期素E,
D2-40,
结蛋白,
Dog1,
EB病毒,EBV
上皮性钙粘附蛋白,
上皮膜抗原,EMA
内皮素1,ET-1
MOC-31,
上皮抗原,
雌激素受体beta,ER beta
雌激素受体,ER
ERCC1,
ERG,
EZH2,
VIII因子相关抗原,
XIII因子A,
聚束蛋白,
脆性组氨酸三联体,FHIT
Fli-1,
叶酸受体α,
滤泡树突状细胞,FDC
FOXP1,
半乳凝素3,
GATA3,
囊泡病液体蛋白15,GCDFP-15
GCET1,
胶质纤维酸性蛋白,GFAP
葡萄糖转运蛋白1,GLUT-1
血型糖蛋白A,
磷脂酰基醇蛋白聚糖3,GPC3
粒酶B,
谷胱甘肽-S-转移酶-p,GST-p
乙肝病毒核心抗原,HBcAg
乙肝病毒表面抗原,HBsAg
绒毛膜促性腺激素beta,hCG beta
绒毛膜促性腺激素,hCG
丙肝病毒,HCV
HE4,
肝细胞抗原,HepPar-1
HIF-1 alpha,
HLA-DR,
热休克蛋白70,HSP70
Prostein,
IDH突变(R132H),
IgA,
胰岛素样生长因子1受体b,IGF1Rb
IgG,
IgG1,
IgG2,
IgG3,
IgG4,
IgM,
抑制素alpha,
胰岛素受体,
Kappa轻链,
Ki-67核抗原,
K-ras,
Lambda轻链,
层连粘蛋白,
白细胞共同抗原,LCA
促黄体生成素,LH
LMO2,
肺癌耐药蛋白,LRP
乳腺球蛋白,
微管蛋白相关抗体,MAP2a.b.c
鼠双微体基因2,MDM2
多药耐药基因,MDR-1
黑色素瘤抗原,
黑色素瘤,
间皮细胞,
金属硫蛋白,
甲基鸟嘌呤甲基转移酶,MGMT
人乳脂肪球1,
MLH1,
基质金属蛋白酶-1,MMP-1
基质金属蛋白酶-2,MMP-2
基质金属蛋白酶-7,MMP-7
基质金属蛋白酶-9,MMP-9
多药耐药相关蛋白,MRP
错配修复蛋白2,MSH2
错配修复蛋白6,MSH6
易粘蛋白,MTDH
粘蛋白1,Muc-1
粘蛋白2,Muc-2
粘蛋白5AC,Muc-5AC
粘蛋白6,Muc-6
MUM1,
髓磷脂碱性蛋白,
骨髓/组织细胞抗原,
髓过氧化物酶,MPO
MyoD1,
肌浆蛋白,
平滑肌肌球蛋白重链,SM-MHC
骨骼肌肌球蛋白,
Napsin A,
神经性钙粘附蛋白,
巢蛋白,
NeuN,
神经丝蛋白(广谱),
核转录因子NF-κB ,NF-κB
nm23,
41549,
41551,
少突胶质细胞转录因子2,Olig-2
OPN,
P120,
p15蛋白,
p16蛋白,
p21蛋白,
p27蛋白,
p40,
p57 Kip2,
P63,
p73蛋白,
Pax-2,
Pax-5,
Pax-8,
增殖细胞核抗原,PCNA
PD-1,
血小板源性生长因子受体a,PDGFRa
PEG10,
穿孔素,
蛋白基因产物9.5,PGP9.5
pHH3,
PI3K,
胎盘催乳素,hPL
胎盘碱性磷酸酶,PLAP
PMS-2,
孕激素受体,PR
pS2蛋白,
前列腺干细胞抗原,PSCA
前列腺特异性膜抗原,PSMA
PTEN基因,PTEN
甲状旁腺素,PTH
垂体肿瘤转化基因 1,PTTG 1
视网膜母细胞瘤,Rb
肾细胞癌标志,
ret原癌基因,
核糖核苷酸还原酶M1,RRM1
S100 A4蛋白,
S100蛋白,
S100P,
5-羟色胺,
S期激酶相关蛋白2,SKP2
生长抑素,
SOX11,
SOX-2,
P物质,
表面活性蛋白B,
生存素,
突触素,
Tau蛋白,
末端脱氧核苷酸转移酶,TdT
端粒酶,
转录因子E3,TFE3
转化生长因子a,TGF a
转化生长因子b1,TGF-b1
胸苷磷酸化酶,TP
甲状腺过氧化物酶,TPO
T细胞胞浆内抗原,TIA-1
金属蛋白酶组织抑制因子1,TIMP-1
金属蛋白酶组织抑制因子2,TIMP-2
拓扑异构酶Ⅱalpha,
拓扑异构酶I,TopoI
胸苷酸合成酶,TS
促甲状腺素,TSH
甲状腺转录因子1,TTF-1
微管蛋白alpha,
微管蛋白beta,
酪氨酸酶,
泛素,
血管内皮生长因子,VEGF
血管内皮生长因子C,VEGF-C
血管内皮生长因子受体2,VEGFR2
血管内皮生长因子受体3,VEGFR-3
绒毛蛋白,
波形蛋白,
WT1,
ZAP70,
活检,
尿液细胞学检查,
阴道细胞学检查,
直接涂片检查,
骨髓象分析,
颞动脉活检,
宫颈刮片,
扫描电子显微镜,
肺活检,
幽门螺旋杆菌的直接检查,
脱落细胞检查,
骨髓粒细胞与有核红细胞比值(M/E),
周围血白细胞计数及分类检验,
周围血中异型细胞检验,
前列腺液显微镜检查,
粪便显微镜检查,
肌肉活检,
脑脊液的显微镜检查,
血清铅(Pb),
血浆维生素B12,
血清单胺氧化酶(MAO),
血清硒(Se),
血清碱性磷酸酶(ALP),
糖化血清蛋白,
胃液乳酸测定,
碳13尿素呼气试验,
血清N-乙酰-β-氨基葡萄糖酶(NAG),
门冬氨酸氨基转移酶(AST),
血浆生长素介质测定(SOM),
血清镉(Cd),
血清钴(Co),
实际碳酸氢根,
酶联合吸附测定,
血清甘氨酰脯氨酰-二肽氨基肽酶(GPDA),
幽门螺旋杆菌的免疫学检测,
幽门螺旋杆菌血清学测试,
血清砷(As),
血清甘油三脂,
血清铬(Cr),
血清磷(Pi),
凝固酶试验,
溶解酶,
透明质酸酶,
尿17-酮皮质类固醇(17-KS),
释放抗体试验,
骨胶素(CY211),
血浆凝血酶检测,
血浆因子XIII缺乏筛选试验,
血浆肝素含量测定,
孕激素,
比格凝血活酶生成时间,
红细胞流动系数TK值,
淋球菌抗体检测,
红细胞滤过指数(IF),
单相琼脂扩散试验,
血浆纤溶酶―抗纤溶酶复合物测定,
组织因子途径抑制物,
血清冷凝集素试验,
血小板纤维蛋白原受体检测,
血栓烷B2,
微量元素中毒检测,
抗血小板膜糖蛋白自身抗体测定,
血浆组织纤溶酶原活化物抑制物抗原检测,
新生儿甲状腺功能检查,
大型血小板比例(P-LCR),
必需微量元素检测,
红细胞镰变试验,
连续血浆鱼精蛋白稀释试验,
75克葡萄糖耐量检查,
溶血试验,
染色体核型分析,
血清汞(Hg),
血浆组织纤溶酶原活化物抑制物活性检测,
脂溶性维生素,
单核细胞比例(MONO%),
异常口服葡萄糖耐量实验,
血浆因子Ⅷ抑制物定性测定,
餐后血清锌浓度反应试验(PICR),
IgG抗B-效价测定,
血浆组织纤溶酶原活化物活性检测,
不孕的血型检查,
血浆组织纤溶酶原活化物抗原检测,
红细胞葡萄糖-6-磷酸脱氢酶活性,
血脂检查,
异常凝血酶原(APT),
活化蛋白C抵抗试验,
胎儿碱性蛋白(BFP),
水溶性维生素,
餐后2小时血葡萄糖(2HPG,PBG
血浆凝血因子Ⅴ活性测定,
抗碱血红蛋白,
50克葡萄糖耐量检查,
冷热溶血试验,
男性不育HCG刺激试验,
血浆渗量检查,
瑞斯托霉素诱导血小板聚集测定,
游离蛋白S测定,
β血小板球蛋白和血小板第4因子,
男性生殖内分泌检查,
天门冬酰酸,
蔗糖溶血试验,
红细胞流变特性检测,
微量补体溶血敏感试验,
血小板钙流测定,
凝血因子ⅩⅢ定性测定,
血浆凝血因子X活性测定,
乙醇胶试验,
组织纤溶酶原激活物,
新生儿红细胞计数,
酸化甘油溶血试验,
抗多发性肌炎-l抗体,
荧光密螺旋体抗体,
维生素H,
封闭抗体检查,
体外血栓形成试验,
异常红细胞形态检查,
淋巴细胞比值(LY%),
维生素D,
胎盘生乳素,
IgG抗A-效价测定,
氧化醋酸AS-D萘酚酯酶染色,
血清唾液酸测定,
血锑,
简易凝血活酶生成纠正试验,
血清载脂蛋白CII测定,
全血乳酸测定,
脑脊液检查-化学检查-蛋白质检查,
不规则抗体筛选,
血浆凝血因子XI活性测定,
血清载脂蛋白E测定,
血浆凝血因子Ⅱ活性测定,
动脉血氧分压(PaO2),
血清铁饱和度,
血液电解质检查,
自我血糖监测,
cd55,cd59检测
血红蛋白H包涵体,
血小板检查项目,
血浆内皮素测定,
维生素,
血清载脂蛋白测定,
中性粒细胞比例(NEUT%),
糖筛,
血清β―羟基丁酸测定,
常量元素,
红细胞滚动试验,
血浆凝血酶原片段1+2检测,
血凝抑制试验,
血块或血浆凝块溶解时间测定,
木糖测定,
可溶性转铁蛋白受体测定,
Hb-F碱变性试验,
自身溶血试验及纠正试验,
血浆激肽释放酶原测定,
精子制动试验,
脂蛋白电泳,
β-脂蛋白定量,
血型鉴定,
血管性假性血友病因子抗原测定,
凝血酶原消耗纠正试验,
血清补体C1q,
破伤风抗毒素皮内试验(TAT),
抗可溶性肝抗原抗体(SLA),
抗中性粒细胞抗体(ANGA),
抑癌基因Rb,
丁型肝炎病毒(HDV),
胸腔积液免疫化学检查,
皮肤斑贴实验,
甲型肝炎病毒抗原(HAVAg),
鼻疽菌素皮内试验,
不加热血清反应素实验,
血管性血友病因子抗原(vWF:Ag),
抗乙酸胆碱受体抗体(anti-AchR),
弓形虫抗体,
白细胞介素1(IL-1),
EA花环激活试验,
含甲状腺球蛋白免疫复合物(TG-IC),
锡克试验,
白细胞抗原(HLA),
血清总补体活性(CH50),
速发型变态反应皮肤测试,
毒素皮肤试验,
抗胰腺腺泡抗体(PAB),
血支原体抗体测定,
抗桥粒自身抗体,
抗环瓜氨酸多肽抗体(抗CCP),
血清总补体,
普鲁卡因皮内试验,
康氏反应,
白细胞介素4(iL-4),
HBsAg免疫复合物,
斑疹伤寒血清学检测,
自身免疫抗体检测,
寄生虫感染免疫检测,
胰岛素低血糖兴奋GH、ACTH试验,
病毒感染免疫检测,
可提取性核抗原(ENA),
乙型肝炎抗原抗体检测(HBcAb),
T细胞转化试验,
PHA淋巴细胞转化试验,
梅毒定性试验,
细胞组织化学染色,
可提取核抗原(ENA)自身抗体谱带分析,
感染免疫检测,
梅毒螺旋体明胶凝集试验,
汉坦病毒抗体(VH-Ab),
抗普肯耶细胞抗体,
血清补体C7含量,
基因诊断技术检测梅毒螺旋体,
抗神经元核抗体(Hu,Ri
结核杆菌血清学检查(anti-TB),
血清补体C8含量,
血清前S1蛋白,
脑膜炎双球菌抗体测定,
尿本周蛋白(BJP),
梅毒血清试验,
抗原皮内试验,
HCG半定量,
普鲁卡因过敏试验,
白细胞介素2(iL-2),
癣菌素试验,
放射过敏原吸附试验(RAST),
链霉素皮内试验,
猪囊虫抗体,
伤寒胶乳凝集试验,
狄克试验,
红细胞花环试验,
麻风病的间接荧光抗体吸收试验(FLA-ABS试验),
快速血浆反应素试验,
血清免疫球蛋白(Ig),
库姆斯氏试验,
非梅毒螺旋体抗原血清试验,
凝集实验,
抗表皮基底膜抗体,
转白试验,
细胞膜表面免疫球蛋白测定,
皮肤点刺试验,
针刺试验,
ASO试验,
青霉素皮内试验,
T细胞花环形成试验,
抗肝肾微粒体抗体测定(LKM),
阿米巴原虫抗体,
抗甲状腺抗体,
钩端螺旋体抗体,
植物血凝素试验,
DMD和BMD产前基因检测,
伤寒、副伤寒血清凝集试验(肥达氏试验,肥达反应
伤寒、副伤寒血清凝集试验(肥达氏试验,Widal
炭疽的凝集反应,
血清补体C6含量,
血清补体C5含量,
抗盐水可提取性核抗原(ENA)抗体,
白细胞介素5(iL-5),
沙眼衣原体抗体,
抗小肠杯状细胞抗体(IGA),
抗军团菌抗体试验,
血清补体C9含量,
胶乳凝集抑制试验(LAI),
FBC玫瑰花试验,
T淋巴细胞亚群,
肿瘤特异性生长因子(TSGF),
带绦虫孕节检查法,
棘球蚴皮内试验,
尿液病原体检查,
改良加藤法,
回归热螺旋体(BR),
痢疾杆菌检测,
十二指肠液和胆汁寄生虫检查,
细菌形态学检查方法,
冷凝集试验,
霍乱弧菌检测,
阴道毛滴虫检查,
蠕形螨检查,
特殊细菌涂片检查,
微丝蚴(Mf),
环卵沉淀试验,
痰液病原体检查,
皮肤涂片显微镜检查,
细菌性食物中毒检测,
肺吸虫皮内试验,
肠道真菌病检测,
脑脊液病原体检查(CSF),
寄生虫血液检查,
血液及骨髓细菌培养,
钩蚴培养法,
寄生虫排泄物和分泌物检查,
浆膜腔积液病原体,
弓形体抗体测定,
维生素K反应试验,
吲哚氰绿试验,
结合胆红素(SDB,DBIL
肝促凝血活酶试验,
动脉血酮体比测定,
反映肝细胞损伤的试验,
反映肝脏排泄功能的试验,
乙型肝炎抗原抗体检测,
丙氨酸氨基转移酶(ALT),
胰高血糖素负荷试验,
反映肝脏贮备功能的试验,
乳酸脱氢酶同工酶,
絮状沉淀试验,
对氨马尿酸合成试验,
尿道分泌物检查,
沙眼衣原体抗原,
匿血试验,
皮疹,
宫颈粘液检查,
消化道激素,
血浆促甲状腺激素释放激素(TRH),
泌乳素(PRL)兴奋试验,
精氨酸兴奋GH试验,
馒头餐试验,
胰岛素-c肽测定及其释放试验,
钙激发试验,
胰岛素刺激胃分泌试验,
水负荷ADH抑制试验,
甲状旁腺激素(PTH)试验,
吡啶斯的明兴奋GH试验,
血清胰高血糖素(PG),
脱氢表雄酮,
血浆二氢睾酮(DHT),
溴隐亭(BCT)抑制PRL试验,
血清醛固酮(ALD,ALS
糖化血红蛋白组分(GHb,HbA1c
游离甲状腺素(FT4),
葡萄糖抑制生长激素试验,
促卵泡激素(FSH),
血清超敏促甲状腺激素测定,
垂体后叶素,
孕尿雌三醇测定(E3),
游离三碘甲状腺原氨酸(FT3),
绒毛膜促性腺激素β (HCG-β),
葡萄糖可的松耐量试验,
促甲状腺激素释放激素兴奋试验,
胃总酸度测定,
雌酮(E1),
血浆皮质醇,
胎盘泌乳素(PL),
c肽释放试验,
胃游离盐酸测定,
脱氢异雄酮(DHEA,DHA
雌激素,
胃基础胃酸分泌量测定(BAO),
最大胃酸分泌量测定(MAO),
尿微量转铁蛋白,
尿co2测定,
肾小球滤过率(GFR),
尿β2微球蛋白清除率,
选择性蛋白尿指数,
β2-微球蛋白清除试验,
血清阳离子测定,
选择蛋白指数(SPI),
尿白蛋白清除率,
分侧肾静脉肾素活性测定,
血清阴离子测定,
HCO3-重吸收试验,
液气胸征,
胸部滴水声,
补吸气量(IRV),
功能残气量(FRC),
通气与血流灌注比值(V/Q),
最大中期呼气流速与最大中期流速时间(MMFR),
肺通气功能,
肺顺应性(C),
生理无效腔(Vd/Vt),
支气管舒张试验,
脉冲震荡肺功能(IOS),
肺弥散功能测定(DL),
每分钟肺泡通气量(VA),
肺内分流量(Qsp,Qs/Qt
一秒用力呼出量／用力肺活量比值,
最大呼气流量-容积曲线(MEFV),
闭合容积(CV),
肺容积,
呼吸肌功能测定,
等流量容积,
肺活量(VC),
小气道功能,
肺泡气-动脉血氧分压差,
肺通气量,
最大呼气中段流量,
残气量/肺总量比值(RV/TLC),
肺容量测定,
每分钟静息通气量(VE),
通气贮量比,
无效腔气量/潮气量比值,
深吸气量(IC),
用力肺活量(FVC),
儿童肺功能检查,
支气管激发试验(BPT),
残气量(RV),
肺量计检测,
重复呼吸试验,
心肺功能运动试验(CPET),
肺总量(TLC),
气体分布,
气道阻力(R),
呼气高峰流量(PEFR),
每分钟最大通气量(MVV),
一秒用力呼气量,
不孕不育的免疫学检查,
颅内压监测,
脑脊液瘘孔定位,
压颈试验,
膀胱残余尿量测定,
妊高征预测方法,
膀胱输尿管返流显象,
膀胱注水试验,
阴道肿块检查,
产后盆底肌肉检查及评估,
胃肠道功能动力学检查,
眼球和眼眶的超声检查,
肾脏超声检查,
脏器声学造影,
包皮包茎检查,
颅脑超声检查,
前列腺检查,
前列腺B超检查,
胆囊和胆道收缩功能检查,
脾脏超声检查,
小肠充盈及排空功能检查,
脐血流检查,
肝脏疾病超声诊断,
胃肠道显像,
脐检查,
肿瘤声学造影,
阴茎夜间勃起试验检查,
阴茎血流指数,
胎盘分级,
胎心胎动,
胆道运动功能检测,
胃食管反流测定和显像,
产科B超,
阴茎超声检查,
内生殖器检查,
涎腺超声检查,
内视镜超音波术,
输尿管超声检查,
肝胆显像,
系统胎儿超声检查,
Ⅰ级产前超声检查,
甲状腺、甲状旁腺的超声检查,
血管彩超,
A型超声检查,
盆腔和阴道B超,
胎儿脐动脉收缩压与舒张压的比值,
腹部血管超声检查,
上消化道功能测定和显像,
胎心监护,
脾显像,
胰腺疾病超声诊断,
多普勒超声心动图,
胎儿畸形筛查,
M型超声心动图(ME),
阴茎动脉指数,
胎儿体重预测,
胸部B超,
胃充盈及排空功能检查,
SW阴茎超声血流检测,
十二指肠胃反流测定和显像,
经食管超声心动图(TEE),
颈动脉彩超,
多普勒小儿血压检测,
卵泡检测,
外生殖器检查,
阴囊检查,
阴茎检查,
胆囊超声检查,
阴囊超声检查,
脑多普勒超声(TCD),
经阴道超声,
胃肠道疾病的超声检查,
胆囊胆道B超检查,
胎盘成熟度,
前列腺、精囊腺的超声检查,
乳腺超声检查,
“胎儿颈部透明带”的筛检,
二维超声心动图,
心脏血管超声检查,
Ⅱ级产前超声检查,
甲状腺B型超声检查,
超声内镜检查,
胃排空测定和显像,
妇科超声检查,
膀胱超声检查,
胃超声检查,
乳房超声检查,
盆腔窃血试验,
心血管疾病的超声诊断,
胎儿发育检查,
胎儿生物物理相评分,
平衡法放射性核素心血管造影(ERNA),
肺通气显像,
SPECT显像,
甲状腺激素抑制显像,
脾显象,
SST受体显像,
肿瘤VIP受体显像,
肺功能检查,
放射免疫显象,
肿瘤放射免疫显像(RII),
甲状腺摄131碘试验,
侧卧位肺灌注显像,
肾静态显像,
肾上腺髓质显像,
断层显像,
平面显像,
肝动态血池显像,
肾上腺皮质显像,
甲状腺放射性核素显影检查,
肿瘤受体显像,
肺显像,
血池显像,
超级影像,
局部显像,
肝胆动态显像,
运动显像,
放射性核素肾图,
动态显像,
肿瘤前哨淋巴结显像,
静态显像,
肿瘤断层显象,
全身显像,
脑池显象,
椎管内注射标记物法,
脏器断层显像,
骨髓显像,
ECT检查,
99Tcm-DTPA肺上皮细胞通透性测定,
肿瘤神经多肽受体显像,
骨三相显象,
静息显像,
肾动态显像,
甲状旁腺显像,
肺上皮细胞通透性(LEP)测定,
心肌灌注显像,
甲状腺显像,
静态骨显像,
骨显像,
神经系统核医学检查,
肺灌注显像,
胎儿镜检查,
胶囊内视镜,
鼻胆管引流(ENBD),
下消化道内镜检查,
阴道镜检查,
儿童支气管镜检查,
直肠镜检查,
纤维支气管镜检查,
无痛肠镜,
电子支气管镜检查,
胃粘膜活检,
纤维胃镜检查,
双气囊小肠镜,
腹腔镜,
宫腔镜,
输卵管镜,
胆道支架引流(ERBD),
无痛胃镜,
胃镜检查,
上消化道内窥镜检查,
口腔内窥镜,
电子胃镜,
内镜下乳头括约肌切开术(EST),
电子阴道镜,
生育镜,
电子肠镜,
支气管镜检查,
内窥镜逆行胰胆管造影(ERCP),
内镜下胆道减压,
经支气管镜肺活检,
无痛内视镜检查,
膀胱镜,
纤维结肠镜检查,
纵隔镜检查,
支气管肺泡灌洗术(BAL),
鼻腔内镜检查,
阴道瘘膀胱镜检查,
内镜检查,
椎板间隙显微内窥镜,
乳腺导管内窥镜,
血管镜,
色素内镜检查,
耳镜检查法,
纤维胃镜,
乙状结肠镜检查,
胆道镜检查,
胸腔镜检查,
肠镜,
子母胰管镜检查,
纤维肠镜,
胃镜,
内听道片,
床旁摄片,
脑血管造影,
胃钡餐造影,
经皮肤穿刺胆道造影,
四肢透视,
造影检查,
上消化道X线钡餐,
T管造影,
副鼻窦造影,
口服胆囊造影,
颅整体观,
普通透视检查(透视),
四肢的骨和关节平片,
脊椎平片,
磁共振增强扫描,
小肠造影,
肾血管造影,
钼靶X线检查,
干(硒)板静电摄影,
选择性心血管造影,
腹膜后充气造影,
胸部透视,
节育器的X线检查,
口服法小肠造影,
上消化道造影,
食管钡餐透视,
盆腔充气造影,
X线碘油造影,
小肠镜检查,
十二指肠钡餐造影,
体层摄影,
逆行肾盂造影,
静脉尿路造影,
静脉胆囊、胆道造影,
曲面体层摄影,
胸部平片,
静脉胆道造影,
肾脏切片,
腹部平片,
支气管造影,
头颅正侧位片,
尿路平片,
头颅平片,
颞下颌关节造影,
颅底片,
眼球异物定位摄影,
视神经孔片,
子宫输卵管造影,
鼻部放射线检查,
正电子发射计算机断层扫描(PET),
静脉肾盂造影,
结肠造影,
乳房摄片,
颅骨透照试验,
血管造影,
男性生殖系X线检查,
床旁透视与术中透视,
食道X线钡餐检查,
X线头影测量,
蝶鞍侧位片,
经皮肝穿胆道引流(PTD),
下消化道摄影检查,
钼靶摄影检查,
胆道造影,
X线钡影跳跃征,
腹部透视,
上消化道摄影检查,
一般摄片检查,
食管造影,
心血管造影,
术后经T形管胆道造影,
阴茎海绵体造影,
口服法胆道造影,
磁共振平扫,
追踪减影透视,
钼靶照相,
全身骨骼疾病排查,
气钡双对比造影,
膀胱造影,
肝血流灌注显像,
CT血管成像,
肝胶体显像,
肝显像,
肝实质显像,
肝体积测定,
泌尿系统CT检查,
脑蛋白质代谢显像,
电子束CT,
颅脑CT检查,
脑代谢显像,
脑垂体CT检查,
螺旋CT检查,
胸部CT检查,
盆腔CT检查,
异位胃粘膜显像,
CT平扫,
脑葡萄糖代谢显像,
腹部CT,
骨关节及软组织CT检查,
肾脏CT检查,
计算机三维重建技术,
胰腺的CT检查,
脑血流显像,
乳突CT检查,
男科计算器体层扫描(CT),
CT检查,
小气脑CT扫描,
室壁运动电影显示,
TCT检查,
四肢CT检查,
负荷试验脑血流灌注显像,
眼及眶区CT检查,
颌面五官CT检查,
中枢神经递质和受体显像,
耳鼻咽喉CT检查,
胃肠道CT检查,
CT造影扫描,
脑血流灌注断层显像,
胃肠型和蠕动波,
输精管造影,
肝、胆、脾CT检查,
闭孔内肌征,
冠状动脉CT检查,
133Xe脑血流测定及显像,
肾上腺CT检查,
冠状动脉造影,
脊柱椎体平扫,
脑氧代谢显像,
颈椎CT检查,
CT造影增强扫描,
64排螺旋CT检查,
放射性核素脑血管显像,
磁共振血管造影,
胸部MRI,
五官MRI检查,
颅脑MRI检查,
心血管MRI检查,
磁共振波谱分析,
脊柱MRI检查,
肾上腺MRI检查,
盆腔MRI检查,
核磁共振成像(MRI),
99Tmc-MIBI甲状腺显像,
磁共振波谱成像,
肝、胆、胰、脾的MRI检查,
颈部MRI检查,
全身软组织MRI检查,
磁共振水成像,
骨与关节MRI检查,
腹部MRI检查,
脑功能成像技术,
肾脏MRI检查,
鼻咽部MRI检查,
近红外线乳腺扫描检查,
半蹲试验,
乳腺导管造影,
合掌分掌试验,
脊柱检查,
杜加斯征,
乳房检查,
输卵管酚磺酞通畅试验,
尿瘘检测,
搔弹音,
骨盆外测量,
儿童骨科检查,
拇指指甲滑动试验,
挺胸试验,
乳腺远红外检查,
脊柱超伸试验,
骨盆挤压试验,
侧方应力试验,
肩关节外展试验,
伸肌紧张试验,
鞠躬试验,
美蓝试验,
Lhermitte征,
乳房视诊,
腰背部检查,
鼻部功能检查,
粪瘘检测,
撞击试验,
颈部活动度检查,
股四头肌肌力试验,
跟骨叩击试验,
髋关节弹响试验,
俯卧伸腰试验,
洛日埃征,
屈指试验,
乳头刺激试验,
刮髌试验,
陆温试验,
毕克征,
鼻腔检查,
足轴线偏移,
骨骼听诊,
足长轴与两踝连线的测量,
乳房触诊,
脊柱活动度,
儿童五官科检查,
芬斯特弗征,
手畸形检查,
蹲下试验,
小指屈指试验,
腰腿痛的感觉检查,
凯洛格-斯皮德试验,
鸭步检测,
髋关节超伸试验,
男性生殖器发育自我检测,
髂胫束紧张试验,
两下肢长度,
鼻中隔,
餐叉畸形,
半月板损伤的体征,
儿童生长发育检测,
肩胛骨检查,
跟轴线测量,
肩外展摆动试验,
腰部活动度,
抱膝试验,
不孕的基础体温测定,
鼻窦检查,
骶髂关节检查法,
压胸试验,
肋锁挤压试验,
脊柱触诊,
鼻甲和鼻道,
膝关节过伸试验,
前臂屈肌紧张试验,
戈德伟特试验,
输卵管亚甲蓝通畅试验,
弹跳征,
胸腹部垫枕试验,
阴道窥器检查,
髋臼指数,
双合诊,
Alder试验,
直腿抬高试验,
梳头试验,
前臂直尺试验,
皮肤颜色,
四肢与关节运动功能,
关节检查,
屈肘试验,
三合诊,
膝关节分离试验,
间接鼻咽镜,
阴道前后壁膨出度,
夹纸试验,
提腿试验,
弓弦试验,
趾背屈试验,
艾利斯征,
伸踝试验,
并指(趾)畸形检查,
腰大肌刺激试验,
网球肘试验,
鼻嗅觉功能检查,
直伸运动试验,
雅加森试验,
挤压小腿三头肌试验,
冈上肌肌腱断裂试验,
斯比德试验,
足畸形检查,
宫缩应激试验,
仰卧挺腹试验,
脊柱弯曲度,
鼻部检查,
Tinel征,
尿动力学检查,
关节镜检查,
握拳尺偏试验,
皮肤弹性检查,
托马斯试验,
腰背部麻醉试验,
骨骼叩诊,
望远镜试验,
卡普兰交点检查,
伸腕试验,
乳房自检,
乳管镜检查,
纤维鼻咽镜,
骨骼视诊,
子宫位置,
夫欧契试验,
腰背痛体格检查,
单腿站立试验,
引颈试验,
前臂伸肌紧张试验,
拇指对掌试验,
骨盆分离试验,
指脉氧,
持板试验,
拳叩试验,
道班征,
健肢抬高试验,
踝关节背伸试验,
浮髌试验,
骨骼触诊,
花托试验,
踝肱指数,
前列腺指检,
睾丸自我检查,
妇科的保健体检,
小指外展试验,
站立位研磨试验,
科德曼征,
压顶试验,
落臂试验,
乳腺检查,
反应时,
脊柱运动试验,
莱切曼试验,
女性性发育自我检查,
足－嘴试验,
拉斯特征,
前足挤压试验,
输卵管通畅检查,
肘直线检查,
三角试验,
外阴部妇科常规检查,
克利曼征,
睾丸检查,
坐位旋转试验,
比弗尔征,
俯卧伸髋试验,
嗅神经检查,
4字试验,
肩关节脱位的恐惧试验,
靛胭脂试验,
妇产科内分泌功能试验,
鼻前庭,
膝侧向运动试验,
麦克马瑞试验,
反弓抗阻试验,
腕三角软骨挤压试验,
胆道系统检查,
屈肌紧张试验,
伸肘试验,
人体各关节功能活动范围,
毛发,
骨骼动诊,
布莱恩特三角检查,
卵巢功能检查,
床边试验,
体温测量,
透光试验,
交锁征,
铅笔滚动试验,
芬科斯试验,
布拉加尔征,
特伦德伦伯格试验,
内拉通线检查,
盖斯兰试验,
Bryan试验,
屈拇握拳试验,
拾物试验,
鼻粘膜及鼻腔分泌物,
抽屉试验,
产后检查,
举一手试验,
肘后三角检查,
肛腹诊,
子宫及附件检查,
闭眼单脚站立,
跟臀试验,
腰骶部丛毛征,
骨盆内测量,
尼拉通线测量,
拇外翻检测,
端坐伸膝试验,
拇指小指尖相对试验,
阴道出血量检查,
眼睑检查,
研磨试验,
髋膝屈曲试验,
阴道触诊,
骨盆倾斜试验,
髋外旋外展试验,
方肩检查,
中指试验,
椎间孔挤压试验,
吞咽试验,
屈腕试验,
外鼻检查,
催产素激惹试验,
前鼻镜检查,
两手互握试验,
儿童龋齿预防保健,
坠落试验,
踝反射,
不随意运动检查,
脑神经检查,
肌张力检查,
自主神经功能检查,
随意运动检查,
触觉,
反跳试验,
竖毛反射,
深反射检查,
两点辨别感觉,
脑电图检查,
闭目难立征,
三叉神经的运动功能检查,
抬腿试验,
浅感觉检查,
拇短伸肌肌力试验,
麦卡兹尼试验,
副神经检查,
胫骨后肌肌力试验,
面神经的味觉检查,
胃电图,
新斯的明试验,
戈登征,
面神经检查,
共济失调的检查,
足拍打试验,
肌电图,
角膜反射检查,
组胺试验,
旋后肌肌力试验,
神经系统检查,
眼心反射,
Fisher手指试验,
颈项强直,
图形觉,
复合感觉检查,
电测听,
深感觉检查,
布鲁津斯基征,
轮替动作,
脑电图尖波,
闭目行走试验,
描图试验,
三叉神经检查,
脑电图弥漫性慢波,
运动觉,
联合屈曲征,
引线试验,
位置觉,
F-波,
脑电图棘波,
前锯肌肌力试验,
指指试验,
跖反射,
震动觉,
脑诱发电位,
脑干反射检查,
拇短展肌肌力试验,
拇指对掌肌肌力试验,
摸空征,
卧立试验,
舌下神经检查,
肱桡肌肌力试验,
反击征,
冈达征,
拇收肌肌力试验,
人体重心平衡仪,
轻瘫试验,
交叉步行试验,
舌咽神经检查,
盆底肌电图检查,
温度觉,
运动功能检查,
实体觉,
巴彬斯基征,
肱三头肌反射,
腹壁反射,
旋前圆肌和旋前方肌肌力试验,
病理反射检查,
意识状态,
胫叩打试验,
脑膜刺激征,
位听神经检查,
小指对掌肌肌力试验,
多导睡眠图检查,
霍夫曼征,Hoffmann's sign
腾喜龙试验,
原地踏步试验,
肱二头肌反射,
指深屈肌肌力试验,
三叉神经的面部感觉检查,
痛觉,
桡骨膜反射,
指总伸肌肌力试验,
提睾反射,
拉塞格征,
药物迷走神经阻滞试验,
浅反射检查,
膝反射,
体位变换试验,
转头试验,
皮肤定位觉,
臂丛牵拉试验,
趾长伸肌肌力试验,
下颌反射检查,
持水杯试验,
面神经的运动检查,
查多克征,
肛门反射,
趾长屈肌肌力试验,
指鼻试验,
迷走神经检查,
小指短屈肌肌力试验,
奥本汉姆征,
坐位体前屈测试,
鼓膜,
电子皮镜,
婴幼儿视力检查,
昂德腊耳征,
头颅运动,
发育与体型,
腹部叩诊音,
胸壁检查,
颈静脉回流试验,
直肠-肛门运动功能测定,
支气管哮喘运动激发试验,
排粪造影检查,
动脉听诊,
语音试验,
压痛及反跳痛,
呼气试验,
手背浅静脉充盈度,
肺阻抗血流图,
腹腔脏器的叩诊,
面容表情,
低钠试验,
心音图检查,
产前的口腔检查,
贝美格诱发试验,
普拉特试验,
吞线试验,
旋转试验,
胎势,
交通静脉瓣膜功能试验,
肠鸣音,
脑血流测定,
耳的一般检查法,
冷热试验,
胃泡鼓音区,
肛门指检,
骨密度测定,
胸廓检查,
语调与语态,
D860激发试验,
脉搏强弱,
膝关节轴移试验,
头颅形状,
补呼气量,
导管吹张法,
腹部外形触诊,
早产视网膜病变筛查,
肢体血流图,
毛细血管搏动征,
达阿马托征,
玻片压诊法,
输卵管通液检查,
阴茎海绵体血管活性物质注射,
大隐静脉瓣膜功能试验,
智商,
颈动脉搏动检查,
腹部静脉检查,
胸部外部检查,
羊水一般检查,
林纳试验,
听力图,
肺活量体重指数,
球囊逼出试验,
紧张度与动脉壁状态,
呼吸运动检查,
液波震颤(fluid thrill),
肛门视诊,
脂肪吸收试验,
腹壁紧张度,
肝脏及胆囊叩诊,
耳蜗电图,
弗里德瑞希征,
咽鼓管检查法,
腹部外形检查,
等渗盐水低压灌肠试验,
头颅大小,
功能性肝脏体积测定,
表试验,
饮水试验,
动静脉瘘定位试验,
四步触诊法,
胃生理盐水排空试验,
身高测试,
寒冷性升压试验,
舒张压,
肝大小,
棘层细胞松解征检查,
内镜逆行胆胰管造影术,
屏息试验,
水坑试验,
颞下颌关节检查,
牙髓温度试验(冷热诊),
弥散容量测定,
胸廓挤压征,
胆囊触诊,
台阶试验,
动脉通畅性试验,
耳廓检查,
闭目直立试验,
气管软化试验,
年龄检查,
上肢动脉功能试验,
胸部疾病体征检查,
胸膜腔内气体成分压力的测定,
中心静脉压测定(CVP),
肝脏触诊,
甲状腺血流显像,
血管杂音,
窦道及瘘管造影,
缩宫素激惹试验,
皮肤划痕试验,
子宫大小,
皮肝穿刺胆管造影(PTC),
韦伯试验,
安体舒通试验,
腹部体毛检查,
膀胱逼尿肌功能检查,
金伯克现象,
肝脏震颤试验,
腹部搏动检查,
肝-颈静脉返流征,
肝压痛,
腹部血管杂音,
血压,
麻风病的皮内试验,
牙髓电活力测定,
血管视诊,
重振试验,
伯尔格试验,
胎心音,
组胺吸入试验,
深静脉通畅试验,
McNealy-McCallister试验,
膀胱颈抬高试验,
腹部听诊,
Chvostek征,
步态分析,
黑曼征,
红斑量测定,
身体器官功能与营养,
直腿伸踝试验,
过指试验,
颅内多普勒血流图(TCD),
镫骨活动试验,
电阻抗体积描记检查,
周围血管征,
宫底高度检查,
肺和胸膜听诊,
静脉听诊,
胎方位,
颈静脉压检查,
红外热象图检查,
膀胱叩诊,
经胸壁针刺肺活检,
咽鼓管荧光素试验,
瘘管试验,
语言检查法,
姿势与步态,
婴儿智力测试,
食管24hpH监测,
腹部包块,
脑干听觉诱发电位(BAEP),
妊娠周数的判断,
听力检查,
下颌运动检查,
多导睡眠监测(PSG),
搔刮试验,
尺压试验,
肺和胸膜叩诊,
皮损,
Rerth试验,
食管拉网检查,
舍佩耳曼征,
威廉征,
新生儿疾病筛查,
语音震颤,
闭孔内肌试验,
肝表面状态和边缘,
脉波,
孕妇腹围检查,
黑加征,
鲁塞尔征,
腹股沟外环冲击试验,
腹腔灌洗试验,
蓝多耳菲征,
后仰位椎间孔挤压试验,
动态血压监测(ABPM),
听力检查法,
移动性浊音,
音叉检查,
肝质地,
肝搏动,
新生儿听力筛查,
肾脏叩诊,
肺部检查,
前庭功能检查,
脉律,
腹部皮肤检查,
全身状态检查,
屈氏试验,
促甲状腺激素兴奋显像,
克托莱指数,
胰脏触诊,
斯叩达鼓音,
吞咽试验法,
硬币叩击征,
骨盆测量,
Trousseau征,
腹部叩诊,
体重指数,
潮气容量,
液晶热图,
肺毛细血管楔压,
耳部检查,
直立倾斜试验,
咬合关系检查,
肝区及胆囊叩击痛,
眼标本的细菌学检查,
呼吸道粘液-纤毛清除功能测定,
NST试验,
脉搏,
颈静脉检查,
经皮经肝胆道造影术,
结肠驱气试验,
滤过紫外线检查,
胸膜摩擦感,
肾脏触诊,
脉率,
腰臀围比例,
纯音听力计检查法,
国际标准智力测试,
婴幼儿肌肉骨骼系统检查,
皮肤癌检测,
呼吸肌张力的测定,
输卵管通气试验,
流速容量测定,
肺和胸膜视诊,
拉曼征,
血卟啉雾化吸入试验,
中耳,
格哈德征,
胸膝卧位检查,
屈颈试验,
膀胱触诊,
婴幼儿测量身长,
氯丙嗪试验,
声阻抗检查,
脾脏触诊,
光敏感试验,
颌面部检查,
饮水通气法,
外耳道,
食管压力测定,
现时身高预测法,
听力测试法,
体位,
直肠指检,
胸围、吸气胸围,
肺和胸膜触诊,
脏器触诊,
头盆不称的估计法,
听力计,
胃运动功能测定,
比塞征,
脾脏叩诊,
肝上、下界叩诊,
呼气流速,
盆底肌电图,
外耳检查,
膈现象,
收缩压,
捏鼻闭口呼气法,
于夏征,
气管移位检查,
呼吸动度,
施瓦巴赫试验,
食管滴酸试验,
肝区腹膜摩擦感,
波顿格征,
肠道通过时间测定和压力测定,
输尿管镜检查,
头面部触诊,
胎产式,
面部色诊,
握力体重指数,
皮肤病的物理检查,
羊膜镜检查,
婴幼儿股动脉搏动检查,
酚妥拉明阻滞试验,
Hertel氏眼球突出计,
双色法试验,
散光表验光法,
雾视验光,
双视标检查法,
泪腺检查法,
光觉检查,
遮盖法,
前置镜,
角膜染色法,
眼位检查法,
瞳孔反射,
角膜地形图检查,
眼底接触镜,
眼底镜检查法,
眼压描记检查法,
瞳孔计,
眼压计测量法,
晶状体检查,
巩膜透照,
检眼镜检查法,
Schiφtz氏压陷眼压计测量法,
眼球突出度,
Frenzel氏眼镜检查法,
巩膜硬度,
眼球运动检查,
前房深度测量,
立体视觉,
暗适应曲线,
视网膜检影法,
泪道检查,
前房的一般检查,
马氏杆,
眼底微血管检查,
远视力检查法,
压平眼压计测量法,
对数视力表,
青光眼激发试验,
睫状血管检查法,
Farnsworth15色标试验,
视力筛查仪,
检影镜,
Cochet和Bonnet氏角膜知觉测量计,
彻照法检查,
眼外部检查,
泪液分泌试验,
挤压泪囊试验,
泪器检查,
眼功能检查,
三面镜,
前房角镜检查法,
角膜映光法,
泪道探术,
角膜显微镜,
色觉,
舍莫尔试验,
近视力检查法,
角膜内皮细胞计数仪,
屈光检查,
常规小瞳孔检查,
眼底检查,
巩膜检查法,
视力,
滑车神经检查,
眼压,
散瞳验光,
瞳孔外观,
主觉检查,
眼震电图描记法,
动眼神经检查,
视野检查,
泪管显象,
直接检眼镜检查法,
对比敏感度(CSF)检查,
Nagel色觉镜检查法,
泪道冲洗,
眼底荧光血管造影,
眼科检查,
FM-100色彩试验,
角膜知觉检查法,
角膜照影法,
角膜荧光素染色,
展神经检查,
眼压指测法,
非接触眼压计,
裂隙灯,
带状光检影法,
眼睑肌力测量计,
角膜检查,
泪膜破裂时间,
裸眼检查法,
视神经检查,
间接检眼镜检查法,
虹膜检查法,
Schfrmer氏试验,
集光检查法,
双眼平衡检查,
小儿角膜检查法,
翻转上睑方法,
结膜的检查,
糖尿病视网膜病变检查,
光学相干断层扫描(OCT),
眼球表膜检查,
前房轴深检查法,
鼻泪管内镜,
瞳孔检查,
动态视野检查,
角膜厚度测量,
视野计检查,
静态视野检查,
Goldmann压平眼压计测量法,
同色表检查法,
单视标检查法,
眼球及眼眶检查法,
心电图,
动态心电图(Holter监测),
脉搏波速度,
结核菌素皮试,Purified protein derivation
结核菌素皮试,PPD
乙型肝炎,Hepatitis B surface antibody，Hepatitis B surface antigen，Hepatitis B e antigen，Hepatitis B core
三碘甲状腺原氨酸摄取率,
结核感染T细胞检测(免疫斑点法),
浆膜腔粘蛋白定性试验(Rivalta test, 李凡他试验
尿红细胞形态计数,
r-精浆蛋白,
胃液泡沫稳定试验,
隐球菌多糖荚膜抗原(LA法),
血小板比积,
红细胞体积分布宽度,
中间细胞群百分比,
绒毛活检,
薄层液基细胞涂片技术,
呼出气一氧化氮,fractional exhaled nitric oxide
呼出气一氧化氮,FENO
凝血酶原活动度,prothrombin activityprothrombin time activity
凝血酶原活动度,PTA
内听道-汤氏位,
夏菲征,
甲状腺微粒体抗体,
视觉诱发电位(Visual evoked po-tential，VEP),
听性脑干反应(auditory brainstem response,ABR
乙肝病毒DNA(HBV-DNA),
钙防卫蛋白,
混合静脉血氧饱和度,Oxygen Saturation of Mixed Venose Blood
混合静脉血氧饱和度,SvO2
